name,birthday,customer,orderdate,product,units,unitprice
Pasquale,1967-09-02,Electronics Inc,2016-07-17 13:48:03.156566,Thriller record,2,13.27
India,1968-12-13,Electronics Resource Group,2016-07-06 13:48:03.156596,Corolla,26,24458.69
Wayne,1992-09-10,East Application Contract Inc,2016-07-22 13:48:03.156618,Rubik’s Cube,41,15.79
Cori,1986-11-05,Signal Industries,2016-07-23 13:48:03.156638,iPhone,16,584.01
Chang,1972-04-23,Star Alpha Industries,2016-07-16 13:48:03.156657,Harry Potter book,4,25.69
Weldon,1953-03-17,Network Application Co,2016-07-22 13:48:03.156678,Lipitor,1,11.22
Sung,1977-10-23,Omega Pacific Future Incorporated,2016-07-09 13:48:03.156698,PlayStation,25,294.9
Emily,1982-07-02,Medicine Incorporated,2016-07-16 13:48:03.156717,Thriller record,5,18.27
Cornell,1963-07-02,Technology Direct Star Limited,2016-07-08 13:48:03.156735,Rubik’s Cube,35,15.98
Ervin,1977-10-14,Provider Agency,2016-07-19 13:48:03.156754,Star Wars,24,11.5
Odis,1985-07-05,Technology International,2016-07-15 13:48:03.156772,Star Wars,27,8.09
Cornell,1963-07-02,Technology Direct Star Limited,2016-07-20 13:48:03.156791,iPad,12,368.98
Kelli,1982-05-10,Building Construction Group,2016-07-13 13:48:03.156810,Corolla,43,24870.63
Rosalina,1967-10-24,Software Group,2016-07-09 13:48:03.156829,PlayStation,43,242.63
Tracy,1984-11-29,Hill Pacific Analysis Co,2016-07-22 13:48:03.156847,iPad,41,646.14
Marion,1962-12-04,Virtual Limited,2016-07-11 13:48:03.156866,Corolla,7,23570.41
Doretha,1969-08-08,Industries Systems Bell Group,2016-06-30 13:48:03.156885,Star Wars,9,11.85
Zelma,1984-01-14,Medicine Inc,2016-07-06 13:48:03.156909,PlayStation,15,290.46
Galen,1992-02-02,Construction Data Agency,2016-07-13 13:48:03.156959,Thriller record,8,18.64
Marcia,1952-10-17,Graphics Systems Corporation,2016-07-15 13:48:03.156996,Harry Potter book,20,26.79
Alaina,1984-05-30,Advanced Resource LLC,2016-07-26 13:48:03.157014,Harry Potter book,26,33.48
Leigh,1993-08-01,South Consulting Corporation,2016-07-10 13:48:03.157033,PlayStation,11,265.01
Larry,1980-10-15,Atlantic Incorporated,2016-07-10 13:48:03.157053,Rubik’s Cube,17,15.9
Chet,1980-12-18,Vision Speed International,2016-07-15 13:48:03.157071,iPhone,44,500.83
Lottie,1981-08-08,Building Research Frontier LLC,2016-07-02 13:48:03.157090,Rubik’s Cube,17,18.07
Elyse,1982-12-24,General Corporation,2016-07-09 13:48:03.157109,Harry Potter book,22,17.07
Ron,1978-12-13,Vision Inc,2016-07-11 13:48:03.157130,PlayStation,13,206.32
Robbin,1979-12-01,Interactive Net LLC,2016-07-15 13:48:03.157151,Corolla,18,22280.9
Dana,1984-07-11,Net Speed Interactive Incorporated,2016-06-30 13:48:03.157170,Corolla,44,20103.97
Anton,1973-03-26,Universal Application Speed Inc,2016-07-09 13:48:03.157188,PlayStation,37,260.43
Ellsworth,1979-03-18,Application Systems Group,2016-07-05 13:48:03.157207,Harry Potter book,36,18.67
Daniel,1978-03-05,Studio East Industries,2016-07-17 13:48:03.157226,banana,6,10.0
Melodie,1952-01-20,Source Atlantic Speed LLC,2016-07-06 13:48:03.157245,Harry Potter book,20,12.99
Merrill,1978-06-07,Star Technology Industries,2016-06-30 13:48:03.157264,PlayStation,28,299.31
Rashad,1981-08-12,General Contract Corporation,2016-07-14 13:48:03.157283,iPhone,47,871.32
Cornell,1963-07-02,Technology Direct Star Limited,2016-07-12 13:48:03.157301,Lipitor,8,10.66
Jody,1979-08-10,Star Digital Speed Organization,2016-07-21 13:48:03.157320,Thriller record,41,13.64
Carmelo,1982-04-07,Max Future Net Group,2016-07-21 13:48:03.157339,Thriller record,22,17.0
Annette,1976-03-24,East People Co,2016-07-06 13:48:03.157358,Star Wars,40,11.98
Jackie,1956-06-27,Frontier Graphics Resource LLC,2016-07-10 13:48:03.157377,PlayStation,50,283.83
Robbin,1980-12-17,Virtual Resource Inc,2016-07-20 13:48:03.157396,Lipitor,37,10.7
Isreal,1979-06-24,Pacific International,2016-07-17 13:48:03.157414,iPad,17,451.08
Madge,1972-02-04,Frontier Alpha Future Co,2016-07-02 13:48:03.157433,Lipitor,17,11.41
Raymond,1981-07-07,Medicine Graphics Industries,2016-07-15 13:48:03.157451,PlayStation,13,284.73
Abdul,1979-01-29,Architecture Incorporated,2016-07-19 13:48:03.157470,Star Wars,2,11.82
Sung,1977-10-23,Omega Pacific Future Incorporated,2016-07-12 13:48:03.157489,Lipitor,12,10.75
Edward,1974-11-16,Analysis Technology LLC,2016-07-01 13:48:03.157507,banana,46,10.0
Aurora,1977-09-23,Design Resource Future Inc,2016-07-05 13:48:03.157528,Star Wars,47,11.41
Jimmie,1965-06-04,Star Limited,2016-07-03 13:48:03.157548,iPad,30,1079.37
Collin,1985-01-23,Venture Industries,2016-07-09 13:48:03.157567,Rubik’s Cube,40,17.25
Vickie,1980-05-29,Source Industries Alpha Co,2016-06-30 13:48:03.157586,Lipitor,32,11.63
Gabriela,1994-12-20,Solutions Software Pacific Corporation,2016-06-30 13:48:03.157604,Rubik’s Cube,19,18.06
Demarcus,1982-02-21,Speed West Network International,2016-07-19 13:48:03.157623,iPad,13,1085.07
Jamaal,1983-06-22,Data Industries Organization,2016-07-23 13:48:03.157641,Corolla,22,24413.23
Shellie,1953-08-09,Studio Corporation,2016-07-26 13:48:03.157660,Corolla,47,22244.95
Rudolph,1959-10-15,Network Software West Inc,2016-07-21 13:48:03.157678,iPhone,13,445.88
Waldo,1987-04-12,Telecom General Alpha Organization,2016-07-02 13:48:03.157697,Lipitor,25,11.17
Angie,1979-03-19,Software Resource Incorporated,2016-07-12 13:48:03.157716,PlayStation,22,203.76
Esteban,1983-08-21,Net LLC,2016-07-12 13:48:03.157735,iPad,39,1026.6
Neva,1996-05-27,Design Agency,2016-07-01 13:48:03.157754,Lipitor,33,10.82
Zelma,1984-01-14,Medicine Inc,2016-07-10 13:48:03.157773,Rubik’s Cube,45,18.34
Larry,1980-10-15,Atlantic Incorporated,2016-07-17 13:48:03.157791,PlayStation,29,297.79
Marguerite,1968-11-15,Hill Industries Advanced Organization,2016-07-20 13:48:03.157810,iPad,3,346.36
Kate,1985-06-29,Interactive Industries,2016-07-24 13:48:03.157830,Corolla,25,20534.61
Shiela,1976-03-28,North Incorporated,2016-07-10 13:48:03.157848,Harry Potter book,15,10.58
Ladonna,1974-12-14,West Building Digital Limited,2016-07-18 13:48:03.157867,Thriller record,31,13.14
Antonio,1987-01-24,Contract Analysis Interactive Corporation,2016-07-24 13:48:03.157886,iPad,12,751.27
Jeromy,1971-09-02,Data International,2016-07-06 13:48:03.157905,Rubik’s Cube,41,17.08
Weldon,1953-03-17,Network Application Co,2016-07-01 13:48:03.157924,iPhone,6,541.54
Jeannette,1983-08-09,Technology International,2016-07-19 13:48:03.157945,Lipitor,20,10.84
Leigh,1993-08-01,South Consulting Corporation,2016-07-18 13:48:03.157964,Lipitor,16,11.9
Alecia,1984-02-11,Internet Hill Studio Incorporated,2016-07-07 13:48:03.157982,Star Wars,9,9.77
Neva,1996-05-27,Design Agency,2016-07-17 13:48:03.158002,iPhone,6,515.4
Damaris,1984-06-01,North Innovation Vision Inc,2016-07-26 13:48:03.158021,Rubik’s Cube,42,17.38
Kathleen,1977-07-09,East Agency,2016-07-23 13:48:03.158040,Rubik’s Cube,21,15.38
Shiela,1976-03-28,North Incorporated,2016-07-11 13:48:03.158059,iPad,47,926.1
Ellsworth,1979-03-18,Application Systems Group,2016-07-11 13:48:03.158077,banana,46,10.0
Jimmie,1965-06-04,Star Limited,2016-07-15 13:48:03.158096,banana,29,10.0
Sharla,1971-05-15,Net Limited,2016-07-22 13:48:03.158114,iPhone,6,842.26
Shawn,1980-07-14,Universal Frontier Adventure Corporation,2016-07-12 13:48:03.158134,Rubik’s Cube,44,18.1
Autumn,1970-04-02,Frontier Corporation,2016-07-22 13:48:03.158152,Harry Potter book,48,34.31
Wendy,1964-07-23,Future Net LLC,2016-07-22 13:48:03.158170,Harry Potter book,29,25.35
Jamaal,1983-06-22,Data Industries Organization,2016-07-12 13:48:03.158189,PlayStation,33,296.89
Gerri,1996-09-20,Consulting Direct Data LLC,2016-07-27 13:48:03.158208,banana,47,10.0
Louisa,1986-01-29,Omega Incorporated,2016-07-25 13:48:03.158226,Lipitor,5,10.93
Gracie,1974-05-03,Telecom Pacific Universal Organization,2016-07-15 13:48:03.158245,banana,24,10.0
Cory,1987-03-24,Virtual Signal Innovation Inc,2016-07-11 13:48:03.158263,Lipitor,45,10.5
Niki,1975-04-12,Network General Federated Industries,2016-07-19 13:48:03.158282,banana,21,10.0
Maritza,1985-05-09,Max Technology Incorporated,2016-07-04 13:48:03.158300,Thriller record,26,14.35
Benton,1980-05-06,Star Data Incorporated,2016-07-03 13:48:03.158320,Harry Potter book,46,13.45
Jannette,1973-09-10,Architecture Technology Solutions Corporation,2016-07-12 13:48:03.158339,Lipitor,20,11.03
Franklyn,1956-09-15,Star East South LLC,2016-07-20 13:48:03.158357,PlayStation,27,260.68
Catina,1987-05-21,People LLC,2016-07-12 13:48:03.158376,iPad,45,737.98
Gracie,1978-05-07,Resource Virtual Limited,2016-07-04 13:48:03.158395,iPhone,32,895.65
Shelli,1973-05-14,People Systems Industries,2016-07-19 13:48:03.158413,Lipitor,22,10.41
Bette,1989-11-14,People Group,2016-07-15 13:48:03.158432,PlayStation,44,214.41
Chang,1984-02-05,Venture Alpha Corporation,2016-07-04 13:48:03.158451,iPhone,46,690.25
Craig,1960-06-24,Telecom Digital Organization,2016-07-13 13:48:03.158472,Thriller record,21,17.06
Olive,1980-09-13,Data Building Corporation,2016-07-24 13:48:03.158493,banana,14,10.0
Retha,1963-06-17,Hill Net Building Agency,2016-07-15 13:48:03.158512,Thriller record,44,15.89
Wayne,1992-09-10,East Application Contract Inc,2016-07-06 13:48:03.158531,Corolla,40,24488.05
Erna,1968-06-05,Bell Star Corporation,2016-07-23 13:48:03.158550,Rubik’s Cube,17,16.87
Jesica,1987-08-15,Network Solutions Group,2016-07-03 13:48:03.158569,iPhone,3,570.67
Fernando,1979-06-27,Building Research Venture Organization,2016-07-03 13:48:03.158588,iPhone,11,412.59
Eva,1984-01-22,Federated Provider Star Agency,2016-07-19 13:48:03.158606,iPhone,1,763.06
Edwina,1986-11-04,Pacific Organization,2016-07-10 13:48:03.158625,Star Wars,46,11.06
Melodie,1952-01-20,Source Atlantic Speed LLC,2016-07-14 13:48:03.158644,Thriller record,38,17.04
Soon,1977-07-31,Advanced Limited,2016-07-15 13:48:03.158663,Corolla,36,22150.04
Pasquale,1959-07-26,Max Vision Limited,2016-07-03 13:48:03.158682,Harry Potter book,5,11.21
Dena,1982-01-16,Source Agency,2016-07-15 13:48:03.158700,Star Wars,40,10.57
Johnathon,1968-07-28,Advanced Incorporated,2016-06-30 13:48:03.158719,Harry Potter book,6,19.19
Perla,1982-09-10,Innovation Alpha LLC,2016-07-05 13:48:03.158737,Thriller record,37,9.92
Jimmy,1957-06-21,Net Power Co,2016-07-16 13:48:03.158755,Harry Potter book,11,9.67
Faustino,1980-02-04,Analysis Limited,2016-07-26 13:48:03.158774,iPad,29,962.59
Jannette,1973-09-10,Architecture Technology Solutions Corporation,2016-07-26 13:48:03.158792,Harry Potter book,39,22.56
Ethan,1952-12-08,Application Industries,2016-07-13 13:48:03.158810,iPad,16,707.41
Bennie,1978-07-13,Alpha Software Pacific Organization,2016-07-27 13:48:03.158828,Rubik’s Cube,39,18.19
Dana,1984-07-11,Net Speed Interactive Incorporated,2016-07-04 13:48:03.158847,iPhone,14,704.96
Danny,1978-01-24,Omega Star Agency,2016-07-19 13:48:03.158865,Thriller record,5,18.62
Mack,1984-05-14,Data Virtual Industries,2016-07-13 13:48:03.158883,banana,13,10.0
Eli,1982-11-21,Direct Net Group,2016-07-28 13:48:03.158902,banana,36,10.0
Jerald,1978-07-07,Star Adventure Group,2016-06-30 13:48:03.158920,banana,32,10.0
Dorian,1985-03-25,Medicine Limited,2016-07-03 13:48:03.158939,iPhone,47,549.29
Cori,1986-11-05,Signal Industries,2016-07-17 13:48:03.158957,Thriller record,27,11.53
Reuben,1979-04-26,Construction Technology Venture International,2016-07-06 13:48:03.158976,iPhone,20,550.49
Esther,1982-05-23,Universal Electronic International,2016-07-26 13:48:03.158995,iPhone,13,872.64
Shellie,1953-08-09,Studio Corporation,2016-07-06 13:48:03.159013,Thriller record,8,12.06
Carissa,1970-03-14,Galaxy Co,2016-07-26 13:48:03.159032,banana,42,10.0
Edmond,1987-05-03,Digital Application People Corporation,2016-07-08 13:48:03.159051,Corolla,16,20939.36
Freddie,1981-09-11,General Limited,2016-07-01 13:48:03.159070,Thriller record,35,14.75
Aurora,1977-09-23,Design Resource Future Inc,2016-07-24 13:48:03.159089,Lipitor,46,10.27
Opal,1981-02-10,South Frontier Bell Limited,2016-07-07 13:48:03.159108,Star Wars,29,8.03
Damaris,1984-06-01,North Innovation Vision Inc,2016-07-06 13:48:03.159129,Lipitor,15,10.76
Edmundo,1985-06-06,Internet Building General LLC,2016-07-12 13:48:03.159149,iPhone,12,402.77
Horace,1975-10-11,Medicine International,2016-07-07 13:48:03.159167,iPad,33,655.49
Edmundo,1985-06-06,Internet Building General LLC,2016-07-24 13:48:03.159185,iPhone,18,656.18
Mindy,1959-10-06,Pacific Vision Electronics Co,2016-07-13 13:48:03.159204,Lipitor,41,10.54
Wayne,1992-09-10,East Application Contract Inc,2016-07-17 13:48:03.159222,Rubik’s Cube,38,18.01
Ismael,1982-06-18,Resource Innovation Application Agency,2016-07-06 13:48:03.159241,iPad,29,964.42
Wilmer,1983-01-27,Federated Analysis Interactive LLC,2016-07-16 13:48:03.159260,Thriller record,20,15.55
Amber,1981-02-07,Provider Limited,2016-07-12 13:48:03.159278,Star Wars,12,9.89
Leanne,1993-05-14,Technology Limited,2016-07-09 13:48:03.159296,Thriller record,42,11.33
Horace,1975-10-11,Medicine International,2016-07-23 13:48:03.159314,iPhone,9,543.78
Leanne,1993-05-14,Technology Limited,2016-07-25 13:48:03.159333,Star Wars,12,10.62
Tuan,1980-05-25,Universal Adventure Max International,2016-07-28 13:48:03.159351,PlayStation,18,287.55
Scott,1969-06-12,Frontier Inc,2016-07-21 13:48:03.159370,banana,43,10.0
Lucia,1967-10-17,Industries Max Organization,2016-07-10 13:48:03.159389,Corolla,11,20182.19
Giuseppe,1982-01-11,Hardware Speed Corporation,2016-07-10 13:48:03.159410,iPhone,21,835.61
Elena,1983-04-13,General Max Organization,2016-07-01 13:48:03.159429,Lipitor,39,11.11
Benton,1980-05-06,Star Data Incorporated,2016-07-24 13:48:03.159447,Star Wars,32,10.76
Jerrod,1979-06-01,Design Solutions Corporation,2016-07-08 13:48:03.159472,Star Wars,2,11.2
Emery,1981-04-17,Net Electronics Venture LLC,2016-06-30 13:48:03.159493,iPhone,6,475.95
Dorian,1985-03-25,Medicine Limited,2016-07-22 13:48:03.159512,Star Wars,9,9.78
Marcia,1952-10-17,Graphics Systems Corporation,2016-07-06 13:48:03.159530,PlayStation,23,233.43
Olive,1980-09-13,Data Building Corporation,2016-07-09 13:48:03.159549,Corolla,20,21298.55
Elwood,1955-10-10,Solutions Innovation Co,2016-07-11 13:48:03.159567,PlayStation,33,248.07
Lenora,1998-03-27,Electronic Advanced Agency,2016-07-14 13:48:03.159586,PlayStation,45,286.45
Ladonna,1974-12-14,West Building Digital Limited,2016-07-26 13:48:03.159604,Corolla,36,20458.97
Antonio,1987-01-24,Contract Analysis Interactive Corporation,2016-07-07 13:48:03.159622,PlayStation,6,261.18
Joanne,1998-07-12,Hardware Studio Contract LLC,2016-07-23 13:48:03.159641,Rubik’s Cube,29,17.29
Darrel,1978-02-15,South Agency,2016-07-21 13:48:03.159659,iPad,3,632.33
Roderick,1973-06-14,Network Industries,2016-07-11 13:48:03.159678,banana,30,10.0
Edmond,1987-05-03,Digital Application People Corporation,2016-07-22 13:48:03.159696,Lipitor,30,11.23
Patti,1992-03-30,Atlantic Frontier Studio Industries,2016-07-20 13:48:03.159715,Corolla,9,24470.91
Tasha,1983-01-04,Interactive Internet Incorporated,2016-06-30 13:48:03.159734,Harry Potter book,9,10.65
Craig,1960-06-24,Telecom Digital Organization,2016-07-02 13:48:03.159752,Thriller record,48,16.6
Cori,1986-11-05,Signal Industries,2016-07-09 13:48:03.159771,Corolla,20,20649.66
Cori,1986-11-05,Signal Industries,2016-07-15 13:48:03.159789,Corolla,33,21030.96
Ron,1978-12-13,Vision Inc,2016-07-14 13:48:03.159808,Lipitor,18,10.67
Giuseppe,1982-01-11,Hardware Speed Corporation,2016-07-16 13:48:03.159827,Star Wars,50,10.89
Shellie,1953-08-09,Studio Corporation,2016-07-24 13:48:03.159847,PlayStation,7,267.0
Hank,1987-05-24,Max Hill Corporation,2016-07-04 13:48:03.159866,Star Wars,25,10.07
Benito,1974-04-11,Star Organization,2016-07-27 13:48:03.159884,Corolla,15,22366.86
Madge,1972-02-04,Frontier Alpha Future Co,2016-07-27 13:48:03.159903,Thriller record,2,13.75
Waylon,1985-08-01,Digital East Virtual Group,2016-07-26 13:48:03.159943,banana,45,10.0
Kieth,1984-05-11,People Industries,2016-06-30 13:48:03.159964,iPad,44,335.84
Saundra,1990-04-20,Internet Inc,2016-07-12 13:48:03.159998,Corolla,1,22232.01
Rolland,1971-05-25,Vision Limited,2016-07-17 13:48:03.160017,Rubik’s Cube,46,16.83
Carmelo,1982-04-07,Max Future Net Group,2016-07-04 13:48:03.160035,banana,35,10.0
Daphne,1967-10-17,West Solutions Limited,2016-07-17 13:48:03.160053,iPhone,28,570.4
Jonathan,1986-09-11,Research Industries,2016-07-18 13:48:03.160072,Thriller record,29,15.64
Ethan,1979-10-06,Internet Incorporated,2016-07-16 13:48:03.160091,banana,1,10.0
Isreal,1979-06-24,Pacific International,2016-07-08 13:48:03.160109,iPad,11,999.96
Lemuel,1985-09-01,Analysis Graphics Provider Incorporated,2016-07-02 13:48:03.160128,PlayStation,9,252.94
Vickie,1980-05-29,Source Industries Alpha Co,2016-07-27 13:48:03.160146,iPad,27,770.55
Maritza,1985-05-09,Max Technology Incorporated,2016-07-15 13:48:03.160165,Corolla,39,23904.6
Johnathon,1968-07-28,Advanced Incorporated,2016-07-10 13:48:03.160183,Lipitor,38,11.8
Benton,1977-02-21,Max Network LLC,2016-07-26 13:48:03.160201,Star Wars,42,11.65
Margot,1982-03-11,Power Signal Vision Group,2016-07-19 13:48:03.160219,Corolla,42,22008.19
Horace,1975-10-11,Medicine International,2016-07-06 13:48:03.160239,Thriller record,20,13.53
Edmond,1987-05-03,Digital Application People Corporation,2016-07-15 13:48:03.160257,banana,40,10.0
Alfredo,1990-03-01,Power Limited,2016-07-03 13:48:03.160276,PlayStation,11,263.17
Christen,1973-08-23,Max West Signal Group,2016-07-21 13:48:03.160294,banana,26,10.0
Edward,1974-11-16,Analysis Technology LLC,2016-07-17 13:48:03.160313,Star Wars,33,9.96
Maximo,1970-11-19,Vision Direct Electronics Group,2016-07-08 13:48:03.160332,Harry Potter book,20,21.49
Annette,1976-03-24,East People Co,2016-07-24 13:48:03.160352,Rubik’s Cube,10,15.75
Erna,1968-06-05,Bell Star Corporation,2016-07-05 13:48:03.160371,Lipitor,49,11.22
Leroy,1967-11-19,Architecture Organization,2016-07-07 13:48:03.160392,iPad,5,849.27
Wilmer,1983-01-27,Federated Analysis Interactive LLC,2016-07-24 13:48:03.160411,PlayStation,12,233.1
Lacy,1978-07-01,Hill Group,2016-07-07 13:48:03.160430,Star Wars,5,9.73
Darron,1971-10-19,Interactive International,2016-07-25 13:48:03.160449,Star Wars,50,9.99
Buck,1972-07-09,Frontier Research Technology LLC,2016-07-20 13:48:03.160467,Thriller record,25,10.35
Maggie,1959-07-21,Hill People Industries Co,2016-07-12 13:48:03.160486,Star Wars,18,11.88
Robbin,1980-12-17,Virtual Resource Inc,2016-07-22 13:48:03.160505,Corolla,49,23612.86
Julian,1980-12-14,Bell Inc,2016-07-28 13:48:03.160524,iPhone,18,494.52
Garth,1983-12-02,Design Agency,2016-07-22 13:48:03.160542,Star Wars,42,8.35
Tara,1996-03-27,Construction Adventure Innovation Limited,2016-07-11 13:48:03.160561,iPad,47,878.42
Edward,1974-11-16,Analysis Technology LLC,2016-06-30 13:48:03.160580,PlayStation,26,263.15
Demarcus,1982-02-21,Speed West Network International,2016-07-23 13:48:03.160599,Thriller record,41,10.49
Jannette,1973-09-10,Architecture Technology Solutions Corporation,2016-07-04 13:48:03.160618,Star Wars,41,9.71
Leanne,1993-05-14,Technology Limited,2016-07-10 13:48:03.160637,Rubik’s Cube,30,17.61
Fernando,1979-06-27,Building Research Venture Organization,2016-07-18 13:48:03.160655,Harry Potter book,35,7.34
Tara,1996-03-27,Construction Adventure Innovation Limited,2016-07-24 13:48:03.160673,Star Wars,13,10.22
Pablo,1964-04-14,Industries Power Net Agency,2016-07-17 13:48:03.160691,Rubik’s Cube,36,15.99
Kieth,1984-05-11,People Industries,2016-07-15 13:48:03.160710,Thriller record,6,15.33
Emily,1982-07-02,Medicine Incorporated,2016-07-06 13:48:03.160732,PlayStation,1,225.64
Aurora,1977-09-23,Design Resource Future Inc,2016-07-13 13:48:03.160771,iPad,1,399.2
Earle,1967-01-01,Solutions Inc,2016-07-10 13:48:03.160806,Star Wars,40,11.92
Rich,1980-11-27,Technology Group,2016-07-13 13:48:03.160825,iPhone,29,511.77
Scarlett,1976-09-27,People Galaxy Incorporated,2016-07-07 13:48:03.160843,banana,46,10.0
Lauretta,1977-02-17,Innovation Electronic Medicine Corporation,2016-07-10 13:48:03.160861,Corolla,15,23839.25
Annette,1976-03-24,East People Co,2016-07-01 13:48:03.160880,Thriller record,44,18.95
Christen,1973-08-23,Max West Signal Group,2016-07-02 13:48:03.160898,Thriller record,50,10.3
Galen,1992-02-02,Construction Data Agency,2016-07-21 13:48:03.160917,Corolla,23,23424.28
Benito,1974-04-11,Star Organization,2016-07-03 13:48:03.160935,Lipitor,22,10.44
Boyd,1974-10-12,Atlantic Network Galaxy Agency,2016-07-12 13:48:03.160954,iPad,6,545.07
Elyse,1982-12-24,General Corporation,2016-07-08 13:48:03.161025,Rubik’s Cube,34,15.2
Alisa,1959-12-09,Future Signal Data Limited,2016-07-25 13:48:03.161047,Corolla,38,21287.04
Jefferey,1978-12-23,Contract Inc,2016-07-02 13:48:03.161066,Thriller record,5,13.37
Marisela,1953-08-11,Digital West Corporation,2016-07-02 13:48:03.161085,PlayStation,6,203.1
Clinton,1979-10-06,Direct Corporation,2016-07-03 13:48:03.161104,Star Wars,34,11.97
Jesica,1987-08-15,Network Solutions Group,2016-07-11 13:48:03.161123,iPad,27,809.88
Maggie,1959-07-21,Hill People Industries Co,2016-07-21 13:48:03.161141,Star Wars,33,8.89
Robby,1983-03-10,Net Digital Application Agency,2016-07-02 13:48:03.161160,Star Wars,14,10.21
Benito,1974-04-11,Star Organization,2016-07-07 13:48:03.161179,Star Wars,38,9.9
Trent,1980-06-26,Innovation Frontier Industries,2016-07-15 13:48:03.161197,iPhone,15,805.29
Tommy,1984-08-03,Analysis Solutions Limited,2016-07-07 13:48:03.161216,Rubik’s Cube,1,15.48
Van,1972-04-28,Star Application Pacific Agency,2016-07-10 13:48:03.161234,Harry Potter book,2,21.27
Jamaal,1983-06-22,Data Industries Organization,2016-07-17 13:48:03.161253,iPad,13,740.02
Laverne,1988-11-18,Network Graphics West Corporation,2016-07-02 13:48:03.161272,banana,44,10.0
Ned,1981-02-14,Industries Inc,2016-07-11 13:48:03.161290,PlayStation,47,293.72
Daphne,1967-10-17,West Solutions Limited,2016-07-23 13:48:03.161308,Thriller record,29,19.55
Eli,1982-11-21,Direct Net Group,2016-07-05 13:48:03.161329,Star Wars,19,8.72
Winona,1980-03-30,Max LLC,2016-07-24 13:48:03.161349,Star Wars,35,11.78
Olive,1980-09-13,Data Building Corporation,2016-07-04 13:48:03.161368,PlayStation,25,251.06
Patti,1992-03-30,Atlantic Frontier Studio Industries,2016-07-08 13:48:03.161387,banana,1,10.0
Arnoldo,1992-05-25,Star General Architecture LLC,2016-07-05 13:48:03.161406,Thriller record,38,18.72
Dena,1982-01-16,Source Agency,2016-07-22 13:48:03.161427,banana,9,10.0
Chong,1972-09-22,General Technology Co,2016-07-02 13:48:03.161445,PlayStation,50,205.8
Ilene,1979-06-02,Innovation Federated Industries,2016-07-15 13:48:03.161464,Star Wars,42,9.23
Terese,1985-06-17,Industries Limited,2016-07-10 13:48:03.161483,Rubik’s Cube,24,18.43
Scarlett,1976-09-27,People Galaxy Incorporated,2016-07-13 13:48:03.161501,Star Wars,7,9.74
Glen,1978-07-09,Star Telecom Power Co,2016-07-23 13:48:03.161520,Star Wars,12,9.21
Pasquale,1967-09-02,Electronics Inc,2016-07-11 13:48:03.161538,Rubik’s Cube,33,16.81
Morgan,1978-04-13,Solutions Application Systems Corporation,2016-07-04 13:48:03.161556,Harry Potter book,27,32.33
Marquita,1981-11-09,Direct Limited,2016-07-09 13:48:03.161575,banana,31,10.0
Chet,1980-12-18,Vision Speed International,2016-07-22 13:48:03.161594,Rubik’s Cube,27,15.68
Weldon,1953-03-17,Network Application Co,2016-07-11 13:48:03.161612,Rubik’s Cube,40,15.73
Wendy,1964-07-23,Future Net LLC,2016-07-01 13:48:03.161633,iPad,31,492.39
Orlando,1976-06-10,Source LLC,2016-07-16 13:48:03.161653,Harry Potter book,33,30.31
Jack,1976-01-03,Net Industries,2016-07-08 13:48:03.161672,Corolla,12,22809.09
Lauretta,1977-02-17,Innovation Electronic Medicine Corporation,2016-07-08 13:48:03.161690,Thriller record,7,14.52
Tommie,1983-08-29,Power Application Co,2016-07-24 13:48:03.161709,Corolla,10,22013.79
Ervin,1977-10-14,Provider Agency,2016-07-21 13:48:03.161728,Harry Potter book,13,19.85
Roderick,1973-06-14,Network Industries,2016-07-14 13:48:03.161747,Corolla,1,21702.03
Cornell,1963-07-02,Technology Direct Star Limited,2016-07-19 13:48:03.161766,banana,29,10.0
Florencio,1983-02-03,Speed Limited,2016-07-14 13:48:03.161785,PlayStation,28,239.87
Jesica,1987-08-15,Network Solutions Group,2016-07-14 13:48:03.161803,Lipitor,13,10.75
Barb,1956-08-18,Net Universal Group,2016-07-28 13:48:03.161823,Star Wars,37,10.67
Mayra,1985-03-06,Building Power Advanced Incorporated,2016-07-26 13:48:03.161842,iPad,12,467.38
Louisa,1986-01-29,Omega Incorporated,2016-07-13 13:48:03.161862,banana,50,10.0
Annette,1976-03-24,East People Co,2016-07-24 13:48:03.161881,Lipitor,15,10.01
Anastasia,1978-08-20,West Net Adventure Incorporated,2016-07-24 13:48:03.161899,Harry Potter book,16,27.44
Shellie,1953-08-09,Studio Corporation,2016-07-21 13:48:03.161918,iPad,10,727.65
Neva,1996-05-27,Design Agency,2016-07-20 13:48:03.161936,Rubik’s Cube,43,17.95
Cathleen,1966-12-30,Design Interactive Consulting Group,2016-07-09 13:48:03.161955,Thriller record,33,12.79
Delbert,1969-04-07,Architecture Galaxy Building Industries,2016-06-30 13:48:03.161973,Harry Potter book,17,17.33
Robbin,1980-12-17,Virtual Resource Inc,2016-07-07 13:48:03.161992,Star Wars,38,9.6
Bess,1957-10-19,Innovation Pacific International,2016-07-25 13:48:03.162011,Corolla,33,21848.6
Ethan,1952-12-08,Application Industries,2016-07-27 13:48:03.162030,banana,24,10.0
Annmarie,1982-06-04,Atlantic Corporation,2016-07-09 13:48:03.162048,Star Wars,9,11.41
Omar,1951-12-05,Hardware Venture Analysis Industries,2016-07-23 13:48:03.162068,iPad,29,465.04
Robby,1981-03-11,Resource Speed Star Co,2016-07-19 13:48:03.162086,Lipitor,44,10.7
Jody,1971-07-18,General Incorporated,2016-07-19 13:48:03.162105,Corolla,11,20525.3
Dewitt,1985-03-03,Building Future Provider Inc,2016-07-07 13:48:03.162124,banana,42,10.0
Neva,1996-05-27,Design Agency,2016-07-12 13:48:03.162143,Corolla,7,20905.98
Jody,1979-08-10,Star Digital Speed Organization,2016-07-28 13:48:03.162161,Lipitor,28,10.2
Pat,1985-02-06,Analysis Graphics Telecom Agency,2016-07-11 13:48:03.162179,iPad,40,568.63
Domingo,1983-08-20,Pacific East Electronics Corporation,2016-07-16 13:48:03.162198,Lipitor,7,10.46
Chance,1965-02-28,Resource International,2016-07-09 13:48:03.162216,iPad,41,803.66
Emery,1981-04-17,Net Electronics Venture LLC,2016-07-16 13:48:03.162235,banana,14,10.0
Michael,1985-05-26,Advanced People Telecom Incorporated,2016-07-20 13:48:03.162253,iPad,38,532.24
Lacy,1978-07-01,Hill Group,2016-07-23 13:48:03.162272,Harry Potter book,47,21.31
Doris,1978-04-05,North Organization,2016-07-19 13:48:03.162290,Harry Potter book,39,18.88
Gracie,1978-05-07,Resource Virtual Limited,2016-07-03 13:48:03.162309,Corolla,27,23188.1
Neva,1996-05-27,Design Agency,2016-07-06 13:48:03.162327,iPad,50,800.1
Leota,1970-07-29,Signal Max Agency,2016-07-05 13:48:03.162345,iPad,2,508.37
Domingo,1983-08-20,Pacific East Electronics Corporation,2016-07-07 13:48:03.162366,banana,33,10.0
Colby,1982-01-31,General Group,2016-07-05 13:48:03.162384,iPad,11,320.19
Giuseppe,1982-01-11,Hardware Speed Corporation,2016-07-28 13:48:03.162403,Corolla,41,20147.93
Cori,1986-11-05,Signal Industries,2016-07-10 13:48:03.162421,iPhone,19,823.01
Franklyn,1956-09-15,Star East South LLC,2016-07-24 13:48:03.162440,Harry Potter book,23,23.7
Rich,1980-11-27,Technology Group,2016-07-04 13:48:03.162458,PlayStation,21,294.31
Jamey,1978-05-31,Signal Co,2016-07-03 13:48:03.162477,Thriller record,29,13.74
Opal,1977-12-29,Solutions Universal Corporation,2016-07-06 13:48:03.162495,Harry Potter book,47,10.54
Benito,1974-04-11,Star Organization,2016-07-27 13:48:03.162513,Harry Potter book,4,5.02
Robbin,1979-12-01,Interactive Net LLC,2016-07-24 13:48:03.162532,iPad,31,787.33
Julian,1980-12-14,Bell Inc,2016-07-19 13:48:03.162550,PlayStation,28,265.08
Edmundo,1985-06-06,Internet Building General LLC,2016-07-05 13:48:03.162569,banana,45,10.0
Cornell,1963-07-02,Technology Direct Star Limited,2016-07-20 13:48:03.162588,Rubik’s Cube,32,16.25
Lauretta,1967-01-27,North Atlantic Building Industries,2016-07-12 13:48:03.162606,Rubik’s Cube,14,17.26
Chang,1984-02-05,Venture Alpha Corporation,2016-07-02 13:48:03.162625,Rubik’s Cube,37,15.96
Sharla,1971-05-15,Net Limited,2016-07-22 13:48:03.162643,iPad,37,916.21
Wendy,1964-07-23,Future Net LLC,2016-07-11 13:48:03.162662,banana,50,10.0
Darron,1971-10-19,Interactive International,2016-07-20 13:48:03.162683,Corolla,24,21610.4
Terese,1985-06-17,Industries Limited,2016-07-14 13:48:03.162703,Corolla,7,20684.29
Collin,1985-01-23,Venture Industries,2016-07-03 13:48:03.162722,banana,44,10.0
Jimmie,1965-06-04,Star Limited,2016-07-11 13:48:03.162741,Star Wars,46,8.05
Lacy,1985-07-22,Signal Design Resource Corporation,2016-07-15 13:48:03.162761,PlayStation,6,236.95
Dena,1982-01-16,Source Agency,2016-07-12 13:48:03.162780,PlayStation,10,259.92
Loren,1977-08-29,Network Agency,2016-07-07 13:48:03.162798,iPhone,2,779.46
Shelli,1973-05-14,People Systems Industries,2016-07-13 13:48:03.162818,Lipitor,21,11.95
Scott,1969-06-12,Frontier Inc,2016-07-11 13:48:03.162837,iPad,39,493.55
Dewitt,1985-03-03,Building Future Provider Inc,2016-07-02 13:48:03.162855,Star Wars,48,11.49
Christen,1973-08-23,Max West Signal Group,2016-07-27 13:48:03.162873,iPhone,23,814.65
Gladys,1983-05-28,Galaxy Signal Network Organization,2016-06-30 13:48:03.162892,iPad,20,618.08
Pasquale,1967-09-02,Electronics Inc,2016-07-16 13:48:03.162911,Star Wars,30,8.89
Craig,1960-06-24,Telecom Digital Organization,2016-07-16 13:48:03.162929,Thriller record,18,19.37
Angie,1979-03-19,Software Resource Incorporated,2016-07-21 13:48:03.162948,banana,26,10.0
Alisa,1959-12-09,Future Signal Data Limited,2016-07-24 13:48:03.162966,iPad,1,340.29
Alton,1984-01-15,Alpha Industries,2016-07-16 13:48:03.162985,PlayStation,14,274.5
Elyse,1982-12-24,General Corporation,2016-07-26 13:48:03.163003,Corolla,45,22572.18
Collin,1985-01-23,Venture Industries,2016-07-15 13:48:03.163021,PlayStation,40,226.9
Benton,1980-05-06,Star Data Incorporated,2016-07-19 13:48:03.163040,Lipitor,49,11.46
Marisela,1953-08-11,Digital West Corporation,2016-07-05 13:48:03.163059,PlayStation,24,283.09
Ned,1981-02-14,Industries Inc,2016-07-15 13:48:03.163078,Harry Potter book,36,24.69
Larissa,1991-04-13,Power Virtual Organization,2016-06-30 13:48:03.163096,Thriller record,5,15.47
Otis,1973-02-24,Star Virtual Incorporated,2016-07-19 13:48:03.163114,Lipitor,7,10.18
Miguel,1966-07-30,Software Power International,2016-07-20 13:48:03.163133,iPhone,22,524.76
Soon,1977-07-31,Advanced Limited,2016-06-30 13:48:03.163152,Star Wars,33,10.01
Nathan,1980-03-06,Resource Future Construction Incorporated,2016-07-21 13:48:03.163256,Rubik’s Cube,38,17.55
Glen,1978-07-09,Star Telecom Power Co,2016-07-06 13:48:03.163347,Harry Potter book,12,23.35
Miguel,1966-07-30,Software Power International,2016-07-27 13:48:03.163372,iPhone,23,454.65
Rayford,1969-12-30,Network Bell Digital International,2016-07-08 13:48:03.163394,Lipitor,8,10.91
Johnathon,1968-07-28,Advanced Incorporated,2016-07-03 13:48:03.163416,Thriller record,18,8.56
Jody,1971-07-18,General Incorporated,2016-07-25 13:48:03.163435,iPad,10,992.32
Cori,1976-06-02,Systems Industries,2016-07-14 13:48:03.163455,PlayStation,3,222.62
Tammy,1986-02-08,Net Group,2016-07-22 13:48:03.163479,Harry Potter book,4,11.49
Tiffany,1986-07-14,Medicine Solutions Signal Inc,2016-07-18 13:48:03.163499,iPhone,32,877.85
Cornell,1963-07-02,Technology Direct Star Limited,2016-07-25 13:48:03.163519,Rubik’s Cube,6,16.8
Gail,1981-05-27,Pacific North Resource Incorporated,2016-07-18 13:48:03.163538,Thriller record,46,14.26
Ilene,1979-06-02,Innovation Federated Industries,2016-07-09 13:48:03.163557,Star Wars,38,11.95
Pat,1985-02-06,Analysis Graphics Telecom Agency,2016-07-08 13:48:03.163576,Rubik’s Cube,12,15.61
Darron,1971-10-19,Interactive International,2016-07-19 13:48:03.163595,Thriller record,20,18.09
Marguerite,1968-11-15,Hill Industries Advanced Organization,2016-07-23 13:48:03.163614,Lipitor,14,11.37
Danny,1978-01-24,Omega Star Agency,2016-07-28 13:48:03.163635,Rubik’s Cube,45,16.74
Robby,1983-03-10,Net Digital Application Agency,2016-07-26 13:48:03.163654,iPhone,8,455.13
Cori,1986-11-05,Signal Industries,2016-07-05 13:48:03.163673,Rubik’s Cube,6,18.95
Antonio,1987-01-24,Contract Analysis Interactive Corporation,2016-07-24 13:48:03.163692,Rubik’s Cube,24,16.24
Florencio,1983-02-03,Speed Limited,2016-07-11 13:48:03.163711,Harry Potter book,15,22.72
Roma,1980-05-28,Max Construction Innovation Limited,2016-07-21 13:48:03.163731,iPhone,36,500.98
Dong,1970-09-06,Solutions Contract Software Corporation,2016-07-17 13:48:03.163750,Lipitor,41,10.26
Barb,1956-08-18,Net Universal Group,2016-07-18 13:48:03.163769,banana,47,10.0
Robbin,1980-12-17,Virtual Resource Inc,2016-07-15 13:48:03.163789,PlayStation,48,202.43
Scott,1969-06-12,Frontier Inc,2016-07-27 13:48:03.163808,Star Wars,4,10.68
Rayford,1969-12-30,Network Bell Digital International,2016-07-28 13:48:03.163828,Rubik’s Cube,25,16.07
Marty,1978-01-20,Frontier People General Incorporated,2016-07-22 13:48:03.163847,Lipitor,1,11.07
Ernestina,1985-09-12,Universal Agency,2016-07-28 13:48:03.163866,Star Wars,27,9.86
Darcy,1980-07-29,Star Max Omega Inc,2016-07-10 13:48:03.163885,Rubik’s Cube,6,17.17
Vickie,1980-05-29,Source Industries Alpha Co,2016-07-11 13:48:03.163905,iPad,22,781.09
Daniel,1978-03-05,Studio East Industries,2016-07-21 13:48:03.163924,Lipitor,42,10.13
Margot,1982-03-11,Power Signal Vision Group,2016-07-22 13:48:03.163944,iPad,48,1051.58
Frankie,1965-06-09,Federated Electronics Frontier Industries,2016-07-20 13:48:03.163963,Harry Potter book,1,11.88
Robby,1981-03-11,Resource Speed Star Co,2016-07-25 13:48:03.163982,Harry Potter book,50,31.95
Arnoldo,1992-05-25,Star General Architecture LLC,2016-07-06 13:48:03.164001,iPhone,20,898.05
Madge,1972-02-04,Frontier Alpha Future Co,2016-07-04 13:48:03.164020,Rubik’s Cube,1,15.33
Jodi,1967-03-19,People Net Limited,2016-07-15 13:48:03.164039,Harry Potter book,5,6.22
Carissa,1970-03-14,Galaxy Co,2016-07-22 13:48:03.164058,PlayStation,15,264.42
Gracie,1974-05-03,Telecom Pacific Universal Organization,2016-07-11 13:48:03.164077,banana,28,10.0
Scarlett,1976-09-27,People Galaxy Incorporated,2016-07-08 13:48:03.164096,Lipitor,2,10.82
Blair,1969-02-27,Venture Interactive Group,2016-07-28 13:48:03.164115,Rubik’s Cube,35,16.8
Ladonna,1974-12-14,West Building Digital Limited,2016-07-05 13:48:03.164134,PlayStation,33,231.03
Jannette,1973-09-10,Architecture Technology Solutions Corporation,2016-06-30 13:48:03.164153,Harry Potter book,45,19.81
Kerry,1982-04-20,Medicine Direct Incorporated,2016-07-04 13:48:03.164172,Star Wars,42,8.37
Tasha,1983-01-04,Interactive Internet Incorporated,2016-07-28 13:48:03.164194,Corolla,49,24627.85
Otis,1973-02-24,Star Virtual Incorporated,2016-07-22 13:48:03.164214,Harry Potter book,27,13.9
Kieth,1984-05-11,People Industries,2016-07-19 13:48:03.164235,Rubik’s Cube,39,17.39
Kerri,1979-07-15,Contract Speed Star Organization,2016-07-02 13:48:03.164255,Harry Potter book,15,12.07
Ismael,1982-06-18,Resource Innovation Application Agency,2016-07-13 13:48:03.164274,banana,2,10.0
Roderick,1973-06-14,Network Industries,2016-07-25 13:48:03.164293,Harry Potter book,38,6.15
Jeromy,1971-09-02,Data International,2016-07-11 13:48:03.164312,PlayStation,24,209.5
Dong,1970-09-06,Solutions Contract Software Corporation,2016-07-25 13:48:03.164331,banana,3,10.0
Gracie,1974-05-03,Telecom Pacific Universal Organization,2016-07-10 13:48:03.164350,PlayStation,15,222.83
Vickie,1980-05-29,Source Industries Alpha Co,2016-07-09 13:48:03.164369,Rubik’s Cube,17,17.38
Gerri,1996-09-20,Consulting Direct Data LLC,2016-07-02 13:48:03.164388,Star Wars,18,11.56
Ernestina,1985-09-12,Universal Agency,2016-07-27 13:48:03.164407,iPad,13,433.43
Joanne,1998-07-12,Hardware Studio Contract LLC,2016-07-24 13:48:03.164426,Thriller record,19,19.08
Mack,1984-05-14,Data Virtual Industries,2016-07-19 13:48:03.164449,iPhone,5,512.45
Fernando,1979-06-27,Building Research Venture Organization,2016-07-06 13:48:03.164468,iPhone,46,573.66
Bette,1989-11-14,People Group,2016-07-09 13:48:03.164487,banana,30,10.0
Trent,1980-06-26,Innovation Frontier Industries,2016-07-04 13:48:03.164506,iPhone,8,786.66
Annette,1976-03-24,East People Co,2016-07-21 13:48:03.164525,PlayStation,34,293.35
Retha,1963-06-17,Hill Net Building Agency,2016-07-12 13:48:03.164544,banana,19,10.0
Rickie,1988-09-26,Studio West Vision Industries,2016-07-28 13:48:03.164563,banana,23,10.0
Trent,1980-06-26,Innovation Frontier Industries,2016-07-18 13:48:03.164582,iPhone,50,810.98
Autumn,1970-04-02,Frontier Corporation,2016-07-07 13:48:03.164601,PlayStation,7,211.5
Leota,1970-07-29,Signal Max Agency,2016-07-15 13:48:03.164621,Star Wars,11,8.59
Madge,1972-02-04,Frontier Alpha Future Co,2016-07-16 13:48:03.164640,PlayStation,35,215.85
Miguel,1966-07-30,Software Power International,2016-07-21 13:48:03.164659,iPad,15,467.74
Omar,1951-12-05,Hardware Venture Analysis Industries,2016-07-15 13:48:03.164678,Star Wars,35,8.14
Jody,1971-07-18,General Incorporated,2016-06-30 13:48:03.164698,PlayStation,6,297.67
Ilene,1979-06-02,Innovation Federated Industries,2016-07-01 13:48:03.164717,Rubik’s Cube,13,16.61
Christen,1973-08-23,Max West Signal Group,2016-07-18 13:48:03.164735,PlayStation,9,202.41
India,1968-12-13,Electronics Resource Group,2016-07-03 13:48:03.164754,Corolla,47,23938.36
Collin,1985-01-23,Venture Industries,2016-07-13 13:48:03.164774,iPhone,26,781.8
Garth,1983-12-02,Design Agency,2016-07-19 13:48:03.164793,Star Wars,45,8.11
Benito,1974-04-11,Star Organization,2016-07-11 13:48:03.164812,Star Wars,31,11.28
Lucia,1967-10-17,Industries Max Organization,2016-07-24 13:48:03.164830,PlayStation,35,243.17
Chang,1972-04-23,Star Alpha Industries,2016-07-18 13:48:03.164849,iPad,36,994.29
Elena,1983-04-13,General Max Organization,2016-07-25 13:48:03.164868,Thriller record,17,15.86
Rosalina,1967-10-24,Software Group,2016-07-20 13:48:03.164887,banana,7,10.0
Pablo,1964-04-14,Industries Power Net Agency,2016-07-06 13:48:03.164906,Harry Potter book,5,15.78
Opal,1981-02-10,South Frontier Bell Limited,2016-07-04 13:48:03.164925,Rubik’s Cube,50,15.87
Maggie,1959-07-21,Hill People Industries Co,2016-07-25 13:48:03.164943,Rubik’s Cube,37,15.01
Marion,1962-12-04,Virtual Limited,2016-07-23 13:48:03.164962,Lipitor,35,10.18
Tasha,1983-01-04,Interactive Internet Incorporated,2016-07-04 13:48:03.164981,Star Wars,41,10.99
Rosalina,1967-10-24,Software Group,2016-07-25 13:48:03.165000,banana,50,10.0
Jeanie,1968-12-06,Frontier Industries,2016-07-28 13:48:03.165018,Thriller record,40,19.59
Dorian,1985-03-25,Medicine Limited,2016-07-18 13:48:03.165037,Thriller record,47,13.09
Angie,1979-03-19,Software Resource Incorporated,2016-07-13 13:48:03.165056,PlayStation,26,218.77
Scott,1969-06-12,Frontier Inc,2016-07-22 13:48:03.165076,Star Wars,40,11.8
Glen,1978-07-09,Star Telecom Power Co,2016-07-26 13:48:03.165094,Star Wars,32,9.16
Odis,1985-07-05,Technology International,2016-07-17 13:48:03.165113,Harry Potter book,35,34.31
Leigh,1993-08-01,South Consulting Corporation,2016-07-07 13:48:03.165132,Star Wars,46,11.21
Latosha,1984-02-18,Hardware Organization,2016-07-26 13:48:03.165151,Corolla,30,21586.88
Anastasia,1978-08-20,West Net Adventure Incorporated,2016-07-27 13:48:03.165170,Harry Potter book,24,21.66
Elwood,1955-10-10,Solutions Innovation Co,2016-07-18 13:48:03.165189,Corolla,12,21787.41
Rayford,1969-12-30,Network Bell Digital International,2016-07-15 13:48:03.165208,Harry Potter book,23,6.81
Rodrigo,1987-04-10,Vision Hill Resource Corporation,2016-07-09 13:48:03.165227,Star Wars,5,8.88
Lucia,1980-05-28,Provider Solutions Incorporated,2016-07-04 13:48:03.165245,iPhone,23,409.78
Lucia,1980-05-28,Provider Solutions Incorporated,2016-07-26 13:48:03.165264,Star Wars,2,10.88
Jefferey,1978-12-23,Contract Inc,2016-07-17 13:48:03.165282,Rubik’s Cube,46,15.07
Chance,1965-02-28,Resource International,2016-07-18 13:48:03.165301,PlayStation,50,268.12
Millard,1980-09-08,Construction Organization,2016-07-25 13:48:03.165319,Harry Potter book,18,6.8
Rolland,1971-05-25,Vision Limited,2016-07-03 13:48:03.165338,Corolla,28,20167.93
Opal,1977-12-29,Solutions Universal Corporation,2016-07-07 13:48:03.165357,iPhone,8,781.93
Barb,1956-08-18,Net Universal Group,2016-07-02 13:48:03.165375,iPhone,46,791.49
Saundra,1990-04-20,Internet Inc,2016-07-28 13:48:03.165396,iPad,9,441.37
Marquita,1981-11-09,Direct Limited,2016-07-04 13:48:03.165418,Rubik’s Cube,2,18.7
Morgan,1978-04-13,Solutions Application Systems Corporation,2016-07-16 13:48:03.165437,Lipitor,36,11.29
Dick,1979-03-21,Technology Contract Co,2016-07-05 13:48:03.165456,iPad,43,1073.18
Shawn,1980-07-14,Universal Frontier Adventure Corporation,2016-07-15 13:48:03.165476,iPad,40,599.28
Christen,1973-08-23,Max West Signal Group,2016-07-02 13:48:03.165494,banana,9,10.0
Odis,1985-07-05,Technology International,2016-07-23 13:48:03.165513,iPhone,48,602.49
Wendy,1964-07-23,Future Net LLC,2016-07-16 13:48:03.165532,Rubik’s Cube,3,16.03
Luigi,1978-09-28,People General Star Organization,2016-07-17 13:48:03.165550,Rubik’s Cube,17,16.05
Jay,1980-06-26,Analysis West Limited,2016-07-22 13:48:03.165569,banana,27,10.0
Kelli,1986-12-13,Software Frontier Limited,2016-07-04 13:48:03.165588,PlayStation,25,275.58
Annette,1976-03-24,East People Co,2016-07-24 13:48:03.165609,Star Wars,47,8.95
Ladonna,1974-12-14,West Building Digital Limited,2016-07-02 13:48:03.165628,Harry Potter book,37,22.43
Chang,1984-02-05,Venture Alpha Corporation,2016-07-25 13:48:03.165648,PlayStation,26,206.26
Boyd,1974-10-12,Atlantic Network Galaxy Agency,2016-07-02 13:48:03.165667,iPad,43,1024.84
Raymond,1981-07-07,Medicine Graphics Industries,2016-06-30 13:48:03.165686,Lipitor,41,10.79
Opal,1981-02-10,South Frontier Bell Limited,2016-07-08 13:48:03.165705,iPad,16,473.77
Whitney,1961-08-30,North Industries Industries,2016-07-24 13:48:03.165723,Lipitor,4,11.86
Fernando,1979-06-27,Building Research Venture Organization,2016-07-02 13:48:03.165742,Harry Potter book,44,8.7
Sandra,1968-01-21,Net LLC,2016-07-17 13:48:03.165761,Star Wars,50,9.78
Mindy,1959-10-06,Pacific Vision Electronics Co,2016-07-06 13:48:03.165780,Corolla,8,21764.77
Marisela,1953-08-11,Digital West Corporation,2016-07-19 13:48:03.165799,Harry Potter book,22,32.0
Luigi,1978-09-28,People General Star Organization,2016-07-08 13:48:03.165817,Rubik’s Cube,24,18.73
Tommy,1984-08-03,Analysis Solutions Limited,2016-07-16 13:48:03.165836,Lipitor,50,10.72
Demarcus,1982-02-21,Speed West Network International,2016-07-28 13:48:03.165855,iPad,28,321.81
Opal,1981-02-10,South Frontier Bell Limited,2016-06-30 13:48:03.165873,Star Wars,20,9.43
Benton,1980-05-06,Star Data Incorporated,2016-07-11 13:48:03.165892,Harry Potter book,3,8.76
Rosalina,1967-10-24,Software Group,2016-07-04 13:48:03.165912,iPad,33,381.66
Sung,1977-10-23,Omega Pacific Future Incorporated,2016-07-15 13:48:03.165930,Thriller record,13,8.73
Merrill,1978-06-07,Star Technology Industries,2016-07-25 13:48:03.165949,iPhone,47,675.58
Dick,1979-03-21,Technology Contract Co,2016-07-08 13:48:03.165968,iPhone,38,789.34
Staci,1968-10-09,Interactive South Organization,2016-07-04 13:48:03.165986,Lipitor,29,10.92
Giuseppe,1982-01-11,Hardware Speed Corporation,2016-07-17 13:48:03.166005,Thriller record,37,19.44
Tracy,1984-11-29,Hill Pacific Analysis Co,2016-07-09 13:48:03.166024,Lipitor,9,10.31
Scarlett,1976-09-27,People Galaxy Incorporated,2016-07-01 13:48:03.166042,Thriller record,2,11.45
Kenneth,1990-02-02,Studio Alpha Group,2016-07-01 13:48:03.166061,iPad,18,1016.78
Bess,1957-10-19,Innovation Pacific International,2016-07-07 13:48:03.166079,Thriller record,30,9.95
Glen,1978-07-09,Star Telecom Power Co,2016-07-22 13:48:03.166098,Rubik’s Cube,15,17.18
Danny,1978-01-24,Omega Star Agency,2016-07-22 13:48:03.166117,PlayStation,5,248.33
Florencio,1983-02-03,Speed Limited,2016-07-26 13:48:03.166137,Lipitor,21,10.39
Esteban,1983-08-21,Net LLC,2016-07-28 13:48:03.166156,Lipitor,21,11.06
Jodi,1967-03-19,People Net Limited,2016-07-26 13:48:03.166174,Thriller record,34,13.18
Cory,1987-03-24,Virtual Signal Innovation Inc,2016-07-18 13:48:03.166193,iPhone,2,811.5
Mindy,1959-10-06,Pacific Vision Electronics Co,2016-07-06 13:48:03.166212,Corolla,22,22956.33
Amber,1981-02-07,Provider Limited,2016-07-14 13:48:03.166264,iPad,41,797.97
Jerald,1978-07-07,Star Adventure Group,2016-07-17 13:48:03.166300,Lipitor,7,10.09
Raymond,1981-07-07,Medicine Graphics Industries,2016-07-13 13:48:03.166323,PlayStation,38,281.31
Elwood,1955-10-10,Solutions Innovation Co,2016-07-28 13:48:03.166346,Rubik’s Cube,31,18.08
Ervin,1977-10-14,Provider Agency,2016-07-25 13:48:03.166369,PlayStation,23,242.07
Kenneth,1990-02-02,Studio Alpha Group,2016-07-21 13:48:03.166392,Rubik’s Cube,43,18.38
Mitzi,1978-06-28,Design Solutions Co,2016-07-19 13:48:03.166419,Thriller record,49,10.39
Emery,1981-04-17,Net Electronics Venture LLC,2016-07-28 13:48:03.166443,Star Wars,26,9.42
Wade,1990-10-20,Telecom Universal Inc,2016-07-28 13:48:03.166466,banana,20,10.0
Garth,1983-12-02,Design Agency,2016-07-06 13:48:03.166489,Thriller record,42,17.4
Merrill,1978-06-07,Star Technology Industries,2016-07-07 13:48:03.166512,PlayStation,32,281.48
Buck,1972-07-09,Frontier Research Technology LLC,2016-07-19 13:48:03.166535,iPhone,37,414.58
Ned,1981-02-14,Industries Inc,2016-07-10 13:48:03.166558,Rubik’s Cube,4,18.02
Staci,1968-10-09,Interactive South Organization,2016-07-04 13:48:03.166581,iPhone,25,894.93
Darcy,1980-07-29,Star Max Omega Inc,2016-07-12 13:48:03.166605,iPad,42,1085.08
Elyse,1982-12-24,General Corporation,2016-07-24 13:48:03.166627,Lipitor,43,11.29
Rayford,1969-12-30,Network Bell Digital International,2016-07-21 13:48:03.166650,Star Wars,43,9.29
Weldon,1953-03-17,Network Application Co,2016-07-17 13:48:03.166673,Lipitor,26,10.22
Roma,1980-05-28,Max Construction Innovation Limited,2016-07-07 13:48:03.166696,Star Wars,34,10.61
Barb,1956-08-18,Net Universal Group,2016-07-19 13:48:03.166722,Thriller record,26,18.34
Anastasia,1978-08-20,West Net Adventure Incorporated,2016-07-20 13:48:03.166745,Corolla,7,22780.92
Abdul,1979-01-29,Architecture Incorporated,2016-07-13 13:48:03.166768,iPad,37,935.45
Jonathan,1986-09-11,Research Industries,2016-07-18 13:48:03.166791,Thriller record,22,8.46
Roderick,1973-06-14,Network Industries,2016-07-25 13:48:03.166814,Lipitor,47,11.62
Damaris,1984-06-01,North Innovation Vision Inc,2016-07-21 13:48:03.166838,iPhone,21,588.52
Joan,1986-09-09,Galaxy Corporation,2016-07-22 13:48:03.166861,banana,26,10.0
Loren,1977-08-29,Network Agency,2016-07-26 13:48:03.166884,Star Wars,21,9.61
Esther,1982-05-23,Universal Electronic International,2016-07-28 13:48:03.166908,Corolla,24,21868.37
Waldo,1987-04-12,Telecom General Alpha Organization,2016-07-07 13:48:03.166931,PlayStation,23,275.84
Cori,1976-06-02,Systems Industries,2016-07-02 13:48:03.166955,iPhone,31,801.97
Catina,1987-05-21,People LLC,2016-07-15 13:48:03.166977,Harry Potter book,3,15.19
Boyd,1974-10-12,Atlantic Network Galaxy Agency,2016-07-18 13:48:03.167001,Star Wars,50,10.71
Soon,1977-07-31,Advanced Limited,2016-07-11 13:48:03.167025,banana,9,10.0
Hank,1987-05-24,Max Hill Corporation,2016-07-23 13:48:03.167048,Harry Potter book,31,13.14
Edward,1974-11-16,Analysis Technology LLC,2016-07-07 13:48:03.167070,Lipitor,38,10.8
Mitzi,1978-06-28,Design Solutions Co,2016-07-26 13:48:03.167093,Rubik’s Cube,12,16.85
Shawn,1980-07-14,Universal Frontier Adventure Corporation,2016-07-17 13:48:03.167116,banana,7,10.0
Neva,1996-05-27,Design Agency,2016-07-06 13:48:03.167140,Rubik’s Cube,45,15.53
Rosalina,1967-10-24,Software Group,2016-07-22 13:48:03.167163,Rubik’s Cube,14,17.76
Darron,1971-10-19,Interactive International,2016-07-03 13:48:03.167188,iPhone,18,758.56
Kelli,1982-05-10,Building Construction Group,2016-07-05 13:48:03.167214,iPhone,46,593.59
Ed,1981-07-18,Pacific Electronics Direct Agency,2016-07-11 13:48:03.167237,PlayStation,16,230.49
Ernestina,1985-09-12,Universal Agency,2016-07-26 13:48:03.167260,Lipitor,3,11.39
Belinda,1985-04-19,Solutions Omega Network LLC,2016-07-08 13:48:03.167283,PlayStation,23,222.79
Filomena,1967-08-13,Net Consulting International,2016-07-18 13:48:03.167306,Lipitor,19,11.53
Adelina,1952-03-15,Speed Network Vision Group,2016-07-20 13:48:03.167329,iPhone,45,775.15
Leroy,1967-11-19,Architecture Organization,2016-07-19 13:48:03.167352,iPad,22,753.06
Jackie,1956-06-27,Frontier Graphics Resource LLC,2016-07-13 13:48:03.167376,Harry Potter book,49,6.56
Maritza,1985-05-09,Max Technology Incorporated,2016-07-25 13:48:03.167399,Corolla,13,21219.24
Lenora,1998-03-27,Electronic Advanced Agency,2016-07-21 13:48:03.167422,Thriller record,33,10.98
Ismael,1982-06-18,Resource Innovation Application Agency,2016-07-12 13:48:03.167445,iPad,4,1042.21
Franklyn,1956-09-15,Star East South LLC,2016-07-28 13:48:03.167468,Thriller record,9,19.47
Esteban,1983-08-21,Net LLC,2016-06-30 13:48:03.167491,Corolla,49,23340.56
Antony,1973-05-04,Solutions Innovation Telecom Organization,2016-07-04 13:48:03.167514,Corolla,23,21778.1
Doris,1978-04-05,North Organization,2016-07-24 13:48:03.167537,Harry Potter book,6,15.72
Scarlett,1976-09-27,People Galaxy Incorporated,2016-07-15 13:48:03.167561,banana,17,10.0
Neva,1996-05-27,Design Agency,2016-07-21 13:48:03.167587,PlayStation,24,212.56
Mindy,1959-10-06,Pacific Vision Electronics Co,2016-07-27 13:48:03.167610,Harry Potter book,15,33.09
Nathan,1980-03-06,Resource Future Construction Incorporated,2016-07-21 13:48:03.167634,PlayStation,27,296.78
Kasey,1967-10-23,Solutions Star Max Incorporated,2016-07-25 13:48:03.167658,Rubik’s Cube,32,17.98
Blair,1969-02-27,Venture Interactive Group,2016-07-03 13:48:03.167681,Lipitor,19,10.08
Cary,1990-11-22,South Architecture International,2016-07-18 13:48:03.167705,Star Wars,3,11.04
Saundra,1990-04-20,Internet Inc,2016-07-04 13:48:03.167751,iPhone,22,652.3
Olive,1980-09-13,Data Building Corporation,2016-07-26 13:48:03.167783,iPad,18,708.29
Leanne,1993-05-14,Technology Limited,2016-07-24 13:48:03.167814,Corolla,4,22211.75
Jonathan,1986-09-11,Research Industries,2016-07-06 13:48:03.167847,banana,9,10.0
Benny,1979-01-01,Signal Solutions Bell Inc,2016-07-15 13:48:03.167879,iPhone,14,788.41
Gayle,1980-07-15,Internet Power International,2016-07-15 13:48:03.167911,Thriller record,18,12.92
Larissa,1991-04-13,Power Virtual Organization,2016-07-11 13:48:03.167943,iPad,26,511.47
Cori,1986-11-05,Signal Industries,2016-07-08 13:48:03.167975,Corolla,2,24285.62
Shirlene,1975-08-13,Graphics Adventure Organization,2016-07-17 13:48:03.168007,Thriller record,49,10.11
Opal,1981-02-10,South Frontier Bell Limited,2016-07-15 13:48:03.168039,PlayStation,42,223.4
Molly,1985-01-08,South Innovation Contract Corporation,2016-07-08 13:48:03.168071,Rubik’s Cube,46,16.6
Carmelo,1982-04-07,Max Future Net Group,2016-07-21 13:48:03.168102,Harry Potter book,24,12.31
Patti,1992-03-30,Atlantic Frontier Studio Industries,2016-07-06 13:48:03.168134,Corolla,25,21488.51
Jeromy,1971-09-02,Data International,2016-07-19 13:48:03.168167,iPhone,39,449.51
Emery,1981-04-17,Net Electronics Venture LLC,2016-07-05 13:48:03.168198,Star Wars,48,10.08
Elena,1983-04-13,General Max Organization,2016-07-15 13:48:03.168230,Rubik’s Cube,5,17.64
Roma,1980-05-28,Max Construction Innovation Limited,2016-07-09 13:48:03.168261,banana,37,10.0
Benton,1977-02-21,Max Network LLC,2016-07-17 13:48:03.168293,iPhone,38,411.86
Antony,1973-05-04,Solutions Innovation Telecom Organization,2016-07-23 13:48:03.168324,banana,29,10.0
Trent,1980-06-26,Innovation Frontier Industries,2016-07-28 13:48:03.168356,PlayStation,38,204.09
Benton,1977-02-21,Max Network LLC,2016-07-22 13:48:03.168392,Rubik’s Cube,18,18.66
Abdul,1979-01-29,Architecture Incorporated,2016-07-17 13:48:03.168424,banana,26,10.0
Joan,1986-09-09,Galaxy Corporation,2016-07-14 13:48:03.168456,Lipitor,48,10.63
Sharla,1971-05-15,Net Limited,2016-07-15 13:48:03.168487,Star Wars,42,8.56
Jerrod,1979-06-01,Design Solutions Corporation,2016-07-15 13:48:03.168519,Star Wars,47,8.62
Tuan,1980-05-25,Universal Adventure Max International,2016-07-04 13:48:03.168551,Corolla,26,23170.63
Gracie,1978-05-07,Resource Virtual Limited,2016-07-13 13:48:03.168582,Thriller record,40,16.19
Joanne,1998-07-12,Hardware Studio Contract LLC,2016-07-22 13:48:03.168613,banana,31,10.0
Dortha,1980-04-15,Frontier General International,2016-06-30 13:48:03.168645,Star Wars,20,11.26
Wade,1990-10-20,Telecom Universal Inc,2016-07-16 13:48:03.168676,Star Wars,6,9.55
Madge,1972-02-04,Frontier Alpha Future Co,2016-07-26 13:48:03.168707,iPhone,2,848.93
Scarlett,1976-09-27,People Galaxy Incorporated,2016-07-23 13:48:03.168739,Thriller record,20,10.78
Dena,1982-01-16,Source Agency,2016-07-02 13:48:03.168771,Star Wars,14,11.38
Jefferey,1978-12-23,Contract Inc,2016-07-09 13:48:03.168805,Corolla,25,21098.34
Lucia,1980-05-28,Provider Solutions Incorporated,2016-07-24 13:48:03.168837,Corolla,32,22891.52
Leanne,1993-05-14,Technology Limited,2016-07-01 13:48:03.168869,PlayStation,22,246.56
Doris,1978-04-05,North Organization,2016-07-22 13:48:03.168902,iPhone,49,837.24
Gracie,1978-05-07,Resource Virtual Limited,2016-07-22 13:48:03.168934,iPhone,30,429.94
Antony,1973-05-04,Solutions Innovation Telecom Organization,2016-07-12 13:48:03.168965,banana,1,10.0
Molly,1985-01-08,South Innovation Contract Corporation,2016-07-15 13:48:03.168997,iPhone,10,674.8
Tasha,1983-01-04,Interactive Internet Incorporated,2016-07-04 13:48:03.169030,PlayStation,42,234.59
Jimmy,1957-06-21,Net Power Co,2016-07-18 13:48:03.169061,iPad,23,809.65
Ethan,1979-10-06,Internet Incorporated,2016-07-18 13:48:03.169093,Lipitor,18,10.45
Mayra,1981-12-14,Power International,2016-07-12 13:48:03.169124,banana,14,10.0
Gino,1983-07-03,Federated Virtual Internet Industries,2016-07-11 13:48:03.169159,banana,3,10.0
Joanne,1998-07-12,Hardware Studio Contract LLC,2016-07-21 13:48:03.169192,Star Wars,23,10.67
Adelina,1952-03-15,Speed Network Vision Group,2016-07-26 13:48:03.169224,banana,25,10.0
Kieth,1984-05-11,People Industries,2016-07-12 13:48:03.169256,iPad,47,852.45
Bobbie,1989-04-18,Medicine Graphics Limited,2016-06-30 13:48:03.169289,Lipitor,18,10.35
Howard,1961-01-31,Federated Agency,2016-07-02 13:48:03.169323,Harry Potter book,21,10.62
Zelma,1953-01-20,Solutions Electronic Venture Agency,2016-07-14 13:48:03.169356,Harry Potter book,34,27.31
Rashad,1981-08-12,General Contract Corporation,2016-07-07 13:48:03.169387,Corolla,38,22108.79
Mayra,1981-12-14,Power International,2016-07-17 13:48:03.169419,Star Wars,24,8.04
Araceli,1951-10-15,Vision Co,2016-07-01 13:48:03.169451,Harry Potter book,34,29.1
Zelma,1984-01-14,Medicine Inc,2016-07-22 13:48:03.169502,Lipitor,4,11.36
Tracy,1984-11-29,Hill Pacific Analysis Co,2016-07-03 13:48:03.169545,PlayStation,50,219.77
Damaris,1984-06-01,North Innovation Vision Inc,2016-07-15 13:48:03.169579,Star Wars,34,8.47
Daphne,1967-10-17,West Solutions Limited,2016-07-10 13:48:03.169611,Lipitor,30,10.29
Kerry,1982-04-20,Medicine Direct Incorporated,2016-07-23 13:48:03.169644,Star Wars,38,9.61
Cori,1986-11-05,Signal Industries,2016-07-27 13:48:03.169675,iPad,31,605.66
Molly,1985-01-08,South Innovation Contract Corporation,2016-07-10 13:48:03.169707,banana,12,10.0
Chance,1965-02-28,Resource International,2016-07-14 13:48:03.169739,Rubik’s Cube,36,16.41
Lucia,1967-10-17,Industries Max Organization,2016-07-26 13:48:03.169770,iPhone,29,670.62
Tiffany,1986-07-14,Medicine Solutions Signal Inc,2016-07-24 13:48:03.169802,Rubik’s Cube,14,15.67
Angelica,1985-12-27,Net Hardware Co,2016-07-11 13:48:03.169834,PlayStation,33,233.1
Alton,1984-01-15,Alpha Industries,2016-07-12 13:48:03.169866,Thriller record,38,17.13
Joan,1986-09-09,Galaxy Corporation,2016-07-05 13:48:03.169898,banana,5,10.0
Zelma,1953-01-20,Solutions Electronic Venture Agency,2016-07-02 13:48:03.169930,Rubik’s Cube,46,18.11
Bess,1957-10-19,Innovation Pacific International,2016-07-01 13:48:03.169961,iPhone,31,467.06
Mindy,1959-10-06,Pacific Vision Electronics Co,2016-07-09 13:48:03.169992,iPad,23,430.9
Terese,1985-06-17,Industries Limited,2016-07-09 13:48:03.170025,iPhone,27,868.78
Emily,1982-07-02,Medicine Incorporated,2016-07-15 13:48:03.170057,banana,6,10.0
Dorian,1985-03-25,Medicine Limited,2016-07-04 13:48:03.170088,Star Wars,28,9.83
Blair,1969-02-27,Venture Interactive Group,2016-07-20 13:48:03.170121,Corolla,3,22087.75
Rashad,1981-08-12,General Contract Corporation,2016-07-21 13:48:03.170153,Corolla,35,20862.14
Ned,1981-02-14,Industries Inc,2016-07-25 13:48:03.170184,Corolla,8,20100.3
Faustino,1980-02-04,Analysis Limited,2016-07-25 13:48:03.170221,Star Wars,4,8.41
Erna,1968-06-05,Bell Star Corporation,2016-07-17 13:48:03.170266,PlayStation,35,244.95
Daniel,1978-03-05,Studio East Industries,2016-07-08 13:48:03.170290,Star Wars,12,8.57
Aurora,1977-09-23,Design Resource Future Inc,2016-07-08 13:48:03.170313,Harry Potter book,49,15.46
Chance,1965-02-28,Resource International,2016-07-08 13:48:03.170335,Thriller record,16,9.64
Lacy,1985-07-22,Signal Design Resource Corporation,2016-07-02 13:48:03.170359,Harry Potter book,37,6.01
Gino,1983-07-03,Federated Virtual Internet Industries,2016-07-09 13:48:03.170382,iPad,27,605.43
Clinton,1979-10-06,Direct Corporation,2016-07-01 13:48:03.170408,banana,47,10.0
Trent,1980-06-26,Innovation Frontier Industries,2016-07-13 13:48:03.170431,Corolla,38,21412.94
Herbert,1977-09-08,Provider Adventure Group,2016-07-23 13:48:03.170455,Corolla,42,22076.11
Johnathon,1968-07-28,Advanced Incorporated,2016-07-13 13:48:03.170478,Rubik’s Cube,11,15.88
Sandra,1968-01-21,Net LLC,2016-07-06 13:48:03.170501,Lipitor,20,10.47
Carmine,1972-05-25,Graphics Design LLC,2016-07-14 13:48:03.170524,Star Wars,26,10.4
Dolores,1994-07-26,Technology Limited,2016-07-03 13:48:03.170548,banana,1,10.0
Jeromy,1971-09-02,Data International,2016-07-09 13:48:03.170571,Thriller record,3,16.64
Fernando,1979-06-27,Building Research Venture Organization,2016-07-26 13:48:03.170594,PlayStation,34,276.26
Buck,1972-07-09,Frontier Research Technology LLC,2016-07-18 13:48:03.170618,PlayStation,40,237.98
Marguerite,1979-08-23,Galaxy Research Corporation,2016-07-15 13:48:03.170641,Rubik’s Cube,10,17.6
Dong,1970-09-06,Solutions Contract Software Corporation,2016-07-17 13:48:03.170668,Star Wars,14,8.31
Ned,1981-02-14,Industries Inc,2016-07-20 13:48:03.170691,Rubik’s Cube,19,16.81
Kate,1985-06-29,Interactive Industries,2016-07-21 13:48:03.170714,iPhone,40,830.84
Franklyn,1956-09-15,Star East South LLC,2016-07-16 13:48:03.170738,iPad,6,586.82
Roma,1980-05-28,Max Construction Innovation Limited,2016-07-01 13:48:03.170761,iPad,25,942.93
Olin,1998-12-29,Design Research Agency,2016-07-12 13:48:03.170785,Harry Potter book,50,27.68
Gabriela,1994-12-20,Solutions Software Pacific Corporation,2016-07-10 13:48:03.170808,PlayStation,23,213.36
Jamaal,1983-06-22,Data Industries Organization,2016-07-01 13:48:03.170834,Rubik’s Cube,25,18.65
Terese,1985-06-17,Industries Limited,2016-07-22 13:48:03.170858,Lipitor,40,10.74
Amber,1981-02-07,Provider Limited,2016-07-24 13:48:03.170881,iPhone,24,865.13
Autumn,1970-04-02,Frontier Corporation,2016-07-08 13:48:03.170904,Thriller record,10,14.07
Jackie,1956-06-27,Frontier Graphics Resource LLC,2016-07-12 13:48:03.170927,Lipitor,40,11.37
Wade,1990-10-20,Telecom Universal Inc,2016-07-16 13:48:03.170949,iPhone,45,422.16
Weldon,1953-03-17,Network Application Co,2016-07-06 13:48:03.170974,iPad,36,606.03
Edmundo,1985-06-06,Internet Building General LLC,2016-07-15 13:48:03.170997,Harry Potter book,4,18.91
Perla,1982-09-10,Innovation Alpha LLC,2016-07-17 13:48:03.171019,Corolla,21,22484.59
Leigh,1993-08-01,South Consulting Corporation,2016-07-25 13:48:03.171042,Thriller record,33,12.73
Joan,1986-09-09,Galaxy Corporation,2016-07-10 13:48:03.171065,Star Wars,34,8.19
India,1968-12-13,Electronics Resource Group,2016-07-10 13:48:03.171088,Harry Potter book,40,11.69
Rolland,1971-05-25,Vision Limited,2016-07-12 13:48:03.171111,Star Wars,20,8.33
Gail,1981-05-27,Pacific North Resource Incorporated,2016-07-23 13:48:03.171134,iPad,48,757.17
Augusta,1985-02-02,People Medicine Federated Co,2016-07-13 13:48:03.171157,Harry Potter book,32,18.78
Louisa,1973-09-01,East Inc,2016-07-16 13:48:03.171180,Thriller record,41,11.88
Cori,1986-11-05,Signal Industries,2016-07-28 13:48:03.171204,PlayStation,12,261.45
Gino,1983-07-03,Federated Virtual Internet Industries,2016-07-17 13:48:03.171227,Star Wars,13,8.33
Lanny,1986-04-04,Vision Telecom Adventure Limited,2016-07-23 13:48:03.171250,Star Wars,21,8.38
Darron,1971-10-19,Interactive International,2016-07-08 13:48:03.171273,Harry Potter book,19,10.17
Jonathan,1986-09-11,Research Industries,2016-07-07 13:48:03.171299,Thriller record,15,12.08
Bridgette,1976-10-20,Solutions Industries,2016-07-26 13:48:03.171322,Lipitor,24,11.92
Leroy,1967-11-19,Architecture Organization,2016-07-04 13:48:03.171346,iPhone,16,483.77
Christen,1973-08-23,Max West Signal Group,2016-07-13 13:48:03.171369,PlayStation,18,239.38
Adelina,1952-03-15,Speed Network Vision Group,2016-07-20 13:48:03.171393,iPad,18,766.07
Chet,1980-12-18,Vision Speed International,2016-07-03 13:48:03.171416,iPad,2,478.82
Jonathan,1986-09-11,Research Industries,2016-07-03 13:48:03.171439,PlayStation,48,285.94
Whitney,1961-08-30,North Industries Industries,2016-07-17 13:48:03.171462,Rubik’s Cube,9,15.11
Vickie,1980-05-29,Source Industries Alpha Co,2016-07-02 13:48:03.171486,Harry Potter book,28,7.97
Wilmer,1983-01-27,Federated Analysis Interactive LLC,2016-07-09 13:48:03.171509,banana,40,10.0
Luigi,1978-09-28,People General Star Organization,2016-07-21 13:48:03.171533,iPad,43,1088.82
Scarlett,1976-09-27,People Galaxy Incorporated,2016-07-24 13:48:03.171556,PlayStation,44,209.1
Marcia,1952-10-17,Graphics Systems Corporation,2016-07-17 13:48:03.171579,banana,10,10.0
Olin,1998-12-29,Design Research Agency,2016-07-21 13:48:03.171603,Lipitor,15,11.24
Catina,1987-05-21,People LLC,2016-07-11 13:48:03.171627,Thriller record,42,13.92
Kasey,1967-10-23,Solutions Star Max Incorporated,2016-07-09 13:48:03.171650,Rubik’s Cube,24,17.61
Ron,1978-12-13,Vision Inc,2016-07-06 13:48:03.171673,iPad,17,897.49
Horace,1975-10-11,Medicine International,2016-07-15 13:48:03.171696,Corolla,37,22659.77
Gabriela,1994-12-20,Solutions Software Pacific Corporation,2016-07-06 13:48:03.171719,Lipitor,30,11.21
Delbert,1969-04-07,Architecture Galaxy Building Industries,2016-07-08 13:48:03.171743,Rubik’s Cube,32,15.04
Elwood,1955-10-10,Solutions Innovation Co,2016-07-19 13:48:03.171766,Lipitor,12,11.42
Ellsworth,1979-03-18,Application Systems Group,2016-07-20 13:48:03.171789,Star Wars,45,8.75
Howard,1961-01-31,Federated Agency,2016-07-16 13:48:03.171812,Thriller record,22,8.24
Garth,1983-12-02,Design Agency,2016-07-27 13:48:03.171838,iPhone,25,824.99
Cathleen,1966-12-30,Design Interactive Consulting Group,2016-07-25 13:48:03.171861,PlayStation,27,270.11
Scott,1969-06-12,Frontier Inc,2016-07-19 13:48:03.171886,Corolla,28,21848.35
Ernestina,1985-09-12,Universal Agency,2016-07-02 13:48:03.171910,iPhone,42,637.36
India,1968-12-13,Electronics Resource Group,2016-07-08 13:48:03.171933,Star Wars,18,9.68
Chet,1980-12-18,Vision Speed International,2016-06-30 13:48:03.171956,Rubik’s Cube,45,16.76
Larry,1980-10-15,Atlantic Incorporated,2016-07-18 13:48:03.171979,Corolla,22,24739.4
Horace,1975-10-11,Medicine International,2016-07-10 13:48:03.172002,Lipitor,25,10.04
Cory,1978-01-05,Network Organization,2016-07-01 13:48:03.172026,iPad,27,970.94
Gracie,1974-05-03,Telecom Pacific Universal Organization,2016-07-25 13:48:03.172049,iPad,36,712.03
Edmond,1987-05-03,Digital Application People Corporation,2016-07-15 13:48:03.172073,iPhone,19,454.03
Fernando,1979-06-27,Building Research Venture Organization,2016-07-16 13:48:03.172095,iPhone,31,630.22
Ismael,1982-06-18,Resource Innovation Application Agency,2016-06-30 13:48:03.172118,Rubik’s Cube,42,15.93
Garth,1983-12-02,Design Agency,2016-07-13 13:48:03.172142,banana,12,10.0
Jack,1976-01-03,Net Industries,2016-07-06 13:48:03.172164,Star Wars,33,11.49
Annmarie,1982-06-04,Atlantic Corporation,2016-07-23 13:48:03.172187,Lipitor,10,10.51
Herbert,1977-09-08,Provider Adventure Group,2016-07-12 13:48:03.172212,iPhone,50,482.95
Collin,1985-01-23,Venture Industries,2016-07-22 13:48:03.172248,PlayStation,46,258.09
Rolland,1971-05-25,Vision Limited,2016-07-12 13:48:03.172267,banana,14,10.0
Bridgette,1976-10-20,Solutions Industries,2016-07-25 13:48:03.172287,Thriller record,3,11.66
Craig,1960-06-24,Telecom Digital Organization,2016-07-23 13:48:03.172307,iPhone,48,799.19
Ethan,1952-12-08,Application Industries,2016-07-11 13:48:03.172327,Thriller record,17,18.88
Shiela,1976-03-28,North Incorporated,2016-07-19 13:48:03.172347,banana,19,10.0
Emily,1982-07-02,Medicine Incorporated,2016-07-12 13:48:03.172367,Rubik’s Cube,46,16.1
Araceli,1951-10-15,Vision Co,2016-07-20 13:48:03.172386,PlayStation,19,250.85
Kasey,1967-10-23,Solutions Star Max Incorporated,2016-07-05 13:48:03.172406,Star Wars,25,9.71
Louisa,1973-09-01,East Inc,2016-07-02 13:48:03.172426,iPad,48,745.43
Kelli,1982-05-10,Building Construction Group,2016-07-17 13:48:03.172445,PlayStation,34,253.44
Morgan,1978-04-13,Solutions Application Systems Corporation,2016-07-02 13:48:03.172465,Harry Potter book,44,21.59
Shiela,1976-03-28,North Incorporated,2016-07-17 13:48:03.172485,Corolla,38,20596.41
Tammy,1986-02-08,Net Group,2016-07-16 13:48:03.172504,iPad,31,358.84
Isabell,1977-07-18,Internet Alpha Analysis Organization,2016-07-14 13:48:03.172524,Harry Potter book,27,30.41
Jody,1971-07-18,General Incorporated,2016-07-15 13:48:03.172544,Harry Potter book,13,30.59
Daphne,1967-10-17,West Solutions Limited,2016-07-21 13:48:03.172563,PlayStation,44,255.7
Ned,1981-02-14,Industries Inc,2016-07-28 13:48:03.172588,banana,3,10.0
Angelica,1985-12-27,Net Hardware Co,2016-06-30 13:48:03.172609,Thriller record,8,12.85
Isreal,1979-06-24,Pacific International,2016-07-06 13:48:03.172630,iPad,43,433.98
Lemuel,1985-09-01,Analysis Graphics Provider Incorporated,2016-07-26 13:48:03.172649,Harry Potter book,18,6.32
Marguerite,1968-11-15,Hill Industries Advanced Organization,2016-07-11 13:48:03.172669,Corolla,34,20781.23
Antonio,1987-01-24,Contract Analysis Interactive Corporation,2016-07-16 13:48:03.172689,Star Wars,3,9.91
Wilma,1977-05-09,Data Net Inc,2016-07-05 13:48:03.172709,Star Wars,36,10.67
Isabell,1977-07-18,Internet Alpha Analysis Organization,2016-07-27 13:48:03.172729,Harry Potter book,22,18.86
Demarcus,1982-02-21,Speed West Network International,2016-07-01 13:48:03.172749,Corolla,45,22840.25
Tiffany,1986-07-14,Medicine Solutions Signal Inc,2016-07-10 13:48:03.172769,Star Wars,21,10.57
Kathleen,1977-07-09,East Agency,2016-07-17 13:48:03.172788,iPhone,3,426.77
Ilene,1979-06-02,Innovation Federated Industries,2016-07-26 13:48:03.172808,banana,19,10.0
Edmundo,1985-06-06,Internet Building General LLC,2016-07-25 13:48:03.172828,banana,4,10.0
Melodie,1952-01-20,Source Atlantic Speed LLC,2016-07-20 13:48:03.172847,banana,49,10.0
Francisca,1963-03-24,Building Resource Star Co,2016-07-05 13:48:03.172867,Thriller record,27,15.45
Faustino,1980-02-04,Analysis Limited,2016-07-03 13:48:03.172889,iPad,36,537.36
Tristan,1968-03-02,Galaxy Architecture Systems Corporation,2016-07-09 13:48:03.172912,Lipitor,47,11.15
Saundra,1990-04-20,Internet Inc,2016-07-03 13:48:03.172932,Harry Potter book,23,20.67
Shellie,1953-08-09,Studio Corporation,2016-07-18 13:48:03.172951,Lipitor,46,10.78
Jamaal,1983-06-22,Data Industries Organization,2016-07-21 13:48:03.172971,iPad,43,926.74
Roma,1980-05-28,Max Construction Innovation Limited,2016-07-18 13:48:03.172990,Star Wars,44,10.1
Jerald,1978-07-07,Star Adventure Group,2016-07-15 13:48:03.173010,PlayStation,41,268.25
Waldo,1987-04-12,Telecom General Alpha Organization,2016-07-09 13:48:03.173030,Rubik’s Cube,5,15.13
Merrill,1978-06-07,Star Technology Industries,2016-07-07 13:48:03.173049,banana,50,10.0
Morgan,1978-04-13,Solutions Application Systems Corporation,2016-07-05 13:48:03.173070,Harry Potter book,11,7.97
Sharla,1971-05-15,Net Limited,2016-07-01 13:48:03.173089,iPad,32,482.21
Boyd,1974-10-12,Atlantic Network Galaxy Agency,2016-07-01 13:48:03.173109,Thriller record,43,18.0
Luigi,1978-09-28,People General Star Organization,2016-07-08 13:48:03.173129,Lipitor,21,10.7
Autumn,1970-04-02,Frontier Corporation,2016-07-10 13:48:03.173149,PlayStation,46,202.98
Sharla,1971-05-15,Net Limited,2016-07-19 13:48:03.173168,iPad,9,946.34
Lacy,1985-07-22,Signal Design Resource Corporation,2016-07-23 13:48:03.173188,iPhone,42,809.81
Vickie,1980-05-29,Source Industries Alpha Co,2016-07-25 13:48:03.173212,banana,5,10.0
Carmine,1972-05-25,Graphics Design LLC,2016-07-08 13:48:03.173233,Lipitor,33,11.57
Wayne,1992-09-10,East Application Contract Inc,2016-07-02 13:48:03.173253,banana,46,10.0
Darcy,1980-07-29,Star Max Omega Inc,2016-07-21 13:48:03.173272,PlayStation,21,261.22
Rudolph,1959-10-15,Network Software West Inc,2016-07-23 13:48:03.173292,iPad,43,1038.46
Aurora,1977-09-23,Design Resource Future Inc,2016-07-09 13:48:03.173313,banana,14,10.0
Kelli,1982-05-10,Building Construction Group,2016-07-07 13:48:03.173334,banana,37,10.0
Renate,1980-11-08,Hill North Software Industries,2016-07-21 13:48:03.173353,Star Wars,40,11.07
Jimmie,1965-06-04,Star Limited,2016-07-07 13:48:03.173373,Star Wars,14,10.99
Ethan,1952-12-08,Application Industries,2016-07-23 13:48:03.173392,banana,26,10.0
Maynard,1984-12-14,Design Venture Limited,2016-07-04 13:48:03.173413,Star Wars,14,11.58
Staci,1968-10-09,Interactive South Organization,2016-07-01 13:48:03.173432,iPhone,4,703.13
Elwood,1955-10-10,Solutions Innovation Co,2016-07-25 13:48:03.173452,Harry Potter book,34,11.92
Vickie,1980-05-29,Source Industries Alpha Co,2016-07-01 13:48:03.173472,Harry Potter book,33,25.64
Alton,1984-01-15,Alpha Industries,2016-07-11 13:48:03.173492,Harry Potter book,7,11.81
Rocio,1973-11-09,Speed Data Pacific Organization,2016-07-24 13:48:03.173511,Lipitor,49,11.79
Vickie,1980-05-29,Source Industries Alpha Co,2016-07-18 13:48:03.173531,Thriller record,21,14.3
Merrill,1978-06-07,Star Technology Industries,2016-07-26 13:48:03.173551,PlayStation,47,295.99
Benny,1979-01-01,Signal Solutions Bell Inc,2016-07-15 13:48:03.173571,iPad,36,801.07
Collin,1985-01-23,Venture Industries,2016-07-02 13:48:03.173591,Rubik’s Cube,20,15.25
Robbin,1979-12-01,Interactive Net LLC,2016-07-17 13:48:03.173611,Corolla,33,20420.19
Kerri,1979-07-15,Contract Speed Star Organization,2016-07-09 13:48:03.173630,iPad,23,968.57
Merrill,1978-06-07,Star Technology Industries,2016-07-28 13:48:03.173650,Star Wars,30,10.51
Fernando,1979-06-27,Building Research Venture Organization,2016-07-28 13:48:03.173669,Rubik’s Cube,24,17.41
Tyler,1978-04-15,Research North Application Co,2016-07-26 13:48:03.173689,Thriller record,6,12.53
Cory,1987-03-24,Virtual Signal Innovation Inc,2016-07-24 13:48:03.173709,Rubik’s Cube,15,17.69
Leanne,1993-05-14,Technology Limited,2016-07-10 13:48:03.173728,Lipitor,46,11.0
Jimmie,1965-06-04,Star Limited,2016-07-27 13:48:03.173748,iPhone,23,649.46
Tommie,1983-08-29,Power Application Co,2016-07-18 13:48:03.173768,Lipitor,2,10.9
Jefferey,1978-12-23,Contract Inc,2016-07-19 13:48:03.173787,PlayStation,19,207.86
Zelma,1984-01-14,Medicine Inc,2016-07-28 13:48:03.173807,iPhone,34,654.06
Earle,1967-01-01,Solutions Inc,2016-07-01 13:48:03.173826,Rubik’s Cube,12,17.06
Waylon,1985-08-01,Digital East Virtual Group,2016-07-02 13:48:03.173846,Thriller record,29,19.12
Galen,1992-02-02,Construction Data Agency,2016-07-04 13:48:03.173865,Harry Potter book,37,24.0
Gladys,1983-05-28,Galaxy Signal Network Organization,2016-07-02 13:48:03.173885,PlayStation,12,274.66
Luigi,1978-09-28,People General Star Organization,2016-07-22 13:48:03.173908,Corolla,50,20176.71
Maynard,1984-12-14,Design Venture Limited,2016-06-30 13:48:03.173927,Lipitor,9,11.68
Sandra,1968-01-21,Net LLC,2016-07-24 13:48:03.173947,Thriller record,47,16.85
Kelli,1986-12-13,Software Frontier Limited,2016-07-28 13:48:03.173966,banana,26,10.0
Belinda,1985-04-19,Solutions Omega Network LLC,2016-07-10 13:48:03.173986,iPhone,8,780.45
Gladys,1983-05-28,Galaxy Signal Network Organization,2016-07-04 13:48:03.174005,Thriller record,48,19.64
Laverne,1988-11-18,Network Graphics West Corporation,2016-07-05 13:48:03.174025,Thriller record,11,17.87
Aurora,1977-09-23,Design Resource Future Inc,2016-07-14 13:48:03.174045,PlayStation,38,264.29
Marty,1978-01-20,Frontier People General Incorporated,2016-07-21 13:48:03.174064,iPhone,31,421.55
Maynard,1984-12-14,Design Venture Limited,2016-07-11 13:48:03.174084,iPad,5,527.87
Cornell,1963-07-02,Technology Direct Star Limited,2016-07-15 13:48:03.174103,banana,20,10.0
Franklyn,1956-09-15,Star East South LLC,2016-07-18 13:48:03.174123,Harry Potter book,37,17.66
Mindy,1959-10-06,Pacific Vision Electronics Co,2016-07-19 13:48:03.174142,Harry Potter book,28,15.64
Tristan,1968-03-02,Galaxy Architecture Systems Corporation,2016-07-25 13:48:03.174162,Rubik’s Cube,44,16.15
Kerry,1982-04-20,Medicine Direct Incorporated,2016-07-17 13:48:03.174183,banana,43,10.0
Alton,1984-01-15,Alpha Industries,2016-07-26 13:48:03.174203,banana,15,10.0
Annette,1976-03-24,East People Co,2016-06-30 13:48:03.174222,Harry Potter book,35,15.86
Gracie,1978-05-07,Resource Virtual Limited,2016-07-14 13:48:03.174242,Corolla,26,21977.52
Maynard,1984-12-14,Design Venture Limited,2016-07-17 13:48:03.174262,Harry Potter book,39,13.41
Daphne,1967-10-17,West Solutions Limited,2016-07-12 13:48:03.174281,Rubik’s Cube,2,16.1
Chet,1980-12-18,Vision Speed International,2016-07-28 13:48:03.174301,Star Wars,9,10.07
Freddie,1981-09-11,General Limited,2016-07-14 13:48:03.174323,iPhone,3,790.45
Maynard,1984-12-14,Design Venture Limited,2016-07-14 13:48:03.174343,banana,47,10.0
Herbert,1977-09-08,Provider Adventure Group,2016-07-13 13:48:03.174364,iPhone,27,895.91
Olin,1998-12-29,Design Research Agency,2016-07-11 13:48:03.174383,iPhone,30,510.81
Vickie,1980-05-29,Source Industries Alpha Co,2016-07-09 13:48:03.174405,banana,35,10.0
Niki,1975-04-12,Network General Federated Industries,2016-07-11 13:48:03.174425,PlayStation,14,294.46
Gayle,1980-07-15,Internet Power International,2016-07-05 13:48:03.174444,Lipitor,16,10.47
Daphne,1967-10-17,West Solutions Limited,2016-07-24 13:48:03.174466,iPhone,14,895.5
Shawn,1980-07-14,Universal Frontier Adventure Corporation,2016-07-11 13:48:03.174486,Lipitor,5,11.97
Jackie,1956-06-27,Frontier Graphics Resource LLC,2016-07-03 13:48:03.174505,Harry Potter book,11,25.02
Jamaal,1983-06-22,Data Industries Organization,2016-07-27 13:48:03.174525,Corolla,10,23388.35
Adelina,1952-03-15,Speed Network Vision Group,2016-07-02 13:48:03.174545,PlayStation,43,207.59
Joan,1986-09-09,Galaxy Corporation,2016-07-18 13:48:03.174565,Lipitor,41,11.84
Pasquale,1959-07-26,Max Vision Limited,2016-07-20 13:48:03.174584,Star Wars,38,8.5
Neva,1996-05-27,Design Agency,2016-07-09 13:48:03.174604,Corolla,23,24561.22
Leanne,1993-05-14,Technology Limited,2016-07-11 13:48:03.174623,iPad,50,448.44
Chance,1965-02-28,Resource International,2016-07-08 13:48:03.174642,PlayStation,48,244.16
Leigh,1993-08-01,South Consulting Corporation,2016-07-25 13:48:03.174663,PlayStation,28,289.4
Blair,1969-02-27,Venture Interactive Group,2016-07-28 13:48:03.174683,Star Wars,23,10.74
Roderick,1973-06-14,Network Industries,2016-07-09 13:48:03.174702,Thriller record,3,10.05
Jonathan,1986-09-11,Research Industries,2016-07-09 13:48:03.174722,Corolla,50,20696.08
Reid,1979-01-21,Net Architecture Signal Corporation,2016-07-12 13:48:03.174742,Thriller record,2,16.35
Marcia,1952-10-17,Graphics Systems Corporation,2016-07-24 13:48:03.174762,Corolla,5,24844.14
Daniel,1978-03-05,Studio East Industries,2016-07-23 13:48:03.174782,iPad,3,519.81
Angie,1979-03-19,Software Resource Incorporated,2016-07-18 13:48:03.174801,Thriller record,33,14.84
Retha,1963-06-17,Hill Net Building Agency,2016-07-17 13:48:03.174821,Harry Potter book,47,19.99
Jeromy,1971-09-02,Data International,2016-07-28 13:48:03.174841,Lipitor,11,11.83
Marty,1978-01-20,Frontier People General Incorporated,2016-07-21 13:48:03.174860,iPhone,29,516.23
Tuan,1980-05-25,Universal Adventure Max International,2016-07-04 13:48:03.174881,Harry Potter book,23,33.65
Millard,1980-09-08,Construction Organization,2016-06-30 13:48:03.174904,Harry Potter book,33,15.89
Michael,1985-05-26,Advanced People Telecom Incorporated,2016-07-03 13:48:03.174923,iPad,14,505.08
Scarlett,1976-09-27,People Galaxy Incorporated,2016-07-24 13:48:03.174943,iPad,43,647.13
Sandra,1968-01-21,Net LLC,2016-07-26 13:48:03.174962,Rubik’s Cube,48,18.06
Ilene,1979-06-02,Innovation Federated Industries,2016-07-27 13:48:03.174982,Harry Potter book,10,6.55
Gracie,1974-05-03,Telecom Pacific Universal Organization,2016-07-04 13:48:03.175002,iPhone,50,702.35
Maggie,1959-07-21,Hill People Industries Co,2016-07-18 13:48:03.175021,iPad,24,550.38
Lenora,1998-03-27,Electronic Advanced Agency,2016-07-09 13:48:03.175040,Rubik’s Cube,11,16.6
Shellie,1953-08-09,Studio Corporation,2016-07-14 13:48:03.175060,Rubik’s Cube,38,16.63
Joan,1986-09-09,Galaxy Corporation,2016-07-03 13:48:03.175080,Harry Potter book,3,25.0
Delbert,1969-04-07,Architecture Galaxy Building Industries,2016-07-04 13:48:03.175099,Corolla,50,20429.98
Jimmie,1965-06-04,Star Limited,2016-07-14 13:48:03.175119,Lipitor,41,11.01
Rich,1980-11-27,Technology Group,2016-07-20 13:48:03.175138,Corolla,21,24967.31
Johnathon,1968-07-28,Advanced Incorporated,2016-07-08 13:48:03.175158,iPad,3,676.63
Odis,1985-07-05,Technology International,2016-07-06 13:48:03.175177,Lipitor,20,10.84
Wilmer,1983-01-27,Federated Analysis Interactive LLC,2016-07-08 13:48:03.175196,Thriller record,2,12.5
Whitney,1961-08-30,North Industries Industries,2016-07-26 13:48:03.175216,PlayStation,15,231.88
Marion,1962-12-04,Virtual Limited,2016-07-14 13:48:03.175235,Corolla,41,21389.06
Chance,1965-02-28,Resource International,2016-07-21 13:48:03.175254,PlayStation,24,227.76
Leota,1970-07-29,Signal Max Agency,2016-07-01 13:48:03.175274,Corolla,24,22733.14
Wade,1990-10-20,Telecom Universal Inc,2016-07-19 13:48:03.175294,Rubik’s Cube,27,16.42
Leanne,1993-05-14,Technology Limited,2016-07-26 13:48:03.175314,iPhone,32,692.06
Maynard,1984-12-14,Design Venture Limited,2016-07-10 13:48:03.175333,Thriller record,32,12.48
Dewitt,1985-03-03,Building Future Provider Inc,2016-07-20 13:48:03.175353,iPhone,44,744.17
Jannette,1973-09-10,Architecture Technology Solutions Corporation,2016-07-01 13:48:03.175372,Rubik’s Cube,32,18.42
Belinda,1985-04-19,Solutions Omega Network LLC,2016-07-16 13:48:03.175391,Lipitor,20,10.36
Doretha,1969-08-08,Industries Systems Bell Group,2016-07-16 13:48:03.175411,Rubik’s Cube,9,15.71
Jannette,1973-09-10,Architecture Technology Solutions Corporation,2016-07-09 13:48:03.175431,banana,42,10.0
Otis,1973-02-24,Star Virtual Incorporated,2016-07-23 13:48:03.175451,Harry Potter book,17,32.39
Julian,1980-12-14,Bell Inc,2016-07-05 13:48:03.175470,Rubik’s Cube,26,18.47
Ladonna,1974-12-14,West Building Digital Limited,2016-07-03 13:48:03.175490,Star Wars,2,10.63
Ilene,1979-06-02,Innovation Federated Industries,2016-07-09 13:48:03.175510,banana,46,10.0
Earle,1967-01-01,Solutions Inc,2016-07-06 13:48:03.175529,Rubik’s Cube,7,16.93
Augusta,1985-02-02,People Medicine Federated Co,2016-07-21 13:48:03.175550,Corolla,1,23675.5
Autumn,1970-04-02,Frontier Corporation,2016-07-15 13:48:03.175569,Thriller record,3,9.64
Craig,1960-06-24,Telecom Digital Organization,2016-07-09 13:48:03.175588,PlayStation,32,280.77
Kisha,1986-11-10,Innovation International,2016-07-05 13:48:03.175608,iPhone,12,639.07
Terese,1985-06-17,Industries Limited,2016-07-06 13:48:03.175627,Thriller record,29,19.32
Jarvis,1975-08-18,Electronic Co,2016-07-05 13:48:03.175647,iPad,14,559.3
Larissa,1991-04-13,Power Virtual Organization,2016-07-25 13:48:03.175666,Harry Potter book,44,6.46
Gracie,1978-05-07,Resource Virtual Limited,2016-07-18 13:48:03.175686,Thriller record,27,19.52
Anastasia,1978-08-20,West Net Adventure Incorporated,2016-07-23 13:48:03.175708,Corolla,17,20755.61
Nathan,1980-03-06,Resource Future Construction Incorporated,2016-07-22 13:48:03.175728,Rubik’s Cube,35,18.0
Elwood,1955-10-10,Solutions Innovation Co,2016-07-06 13:48:03.175752,PlayStation,36,295.7
Jesica,1987-08-15,Network Solutions Group,2016-07-04 13:48:03.175776,Rubik’s Cube,45,16.87
Maritza,1985-05-09,Max Technology Incorporated,2016-07-25 13:48:03.175801,banana,3,10.0
Araceli,1951-10-15,Vision Co,2016-07-06 13:48:03.175821,PlayStation,41,248.14
Collin,1985-01-23,Venture Industries,2016-07-01 13:48:03.175842,iPhone,2,632.15
Erna,1968-06-05,Bell Star Corporation,2016-07-12 13:48:03.175861,banana,37,10.0
Antony,1973-05-04,Solutions Innovation Telecom Organization,2016-07-14 13:48:03.175880,Star Wars,24,8.84
Erna,1968-06-05,Bell Star Corporation,2016-07-27 13:48:03.175903,Corolla,11,24525.4
Darrel,1978-02-15,South Agency,2016-07-11 13:48:03.175923,Harry Potter book,35,14.21
Eli,1982-11-21,Direct Net Group,2016-07-17 13:48:03.175943,iPhone,5,513.63
Ron,1978-12-13,Vision Inc,2016-07-04 13:48:03.175963,banana,28,10.0
Joanne,1998-07-12,Hardware Studio Contract LLC,2016-07-10 13:48:03.175982,Corolla,43,23250.64
Antonio,1987-01-24,Contract Analysis Interactive Corporation,2016-07-09 13:48:03.176003,iPhone,39,795.84
Dolores,1994-07-26,Technology Limited,2016-07-10 13:48:03.176022,iPhone,12,710.36
Retha,1963-06-17,Hill Net Building Agency,2016-07-28 13:48:03.176042,iPad,33,903.0
Lanny,1986-04-04,Vision Telecom Adventure Limited,2016-06-30 13:48:03.176061,Corolla,5,21853.92
Francisca,1963-03-24,Building Resource Star Co,2016-07-06 13:48:03.176081,Star Wars,2,11.72
Maritza,1985-05-09,Max Technology Incorporated,2016-07-25 13:48:03.176100,Thriller record,9,14.19
Saundra,1990-04-20,Internet Inc,2016-07-05 13:48:03.176120,Harry Potter book,13,26.11
Pablo,1964-04-14,Industries Power Net Agency,2016-07-25 13:48:03.176140,Thriller record,11,16.74
Chong,1972-09-22,General Technology Co,2016-06-30 13:48:03.176160,PlayStation,5,220.26
Mayra,1985-03-06,Building Power Advanced Incorporated,2016-07-26 13:48:03.176179,PlayStation,46,214.82
Jay,1980-06-26,Analysis West Limited,2016-07-04 13:48:03.176199,Corolla,46,24129.19
Autumn,1970-04-02,Frontier Corporation,2016-07-16 13:48:03.176219,iPad,22,536.57
Chang,1972-04-23,Star Alpha Industries,2016-07-14 13:48:03.176238,Rubik’s Cube,43,17.31
Michael,1985-05-26,Advanced People Telecom Incorporated,2016-07-04 13:48:03.176257,iPad,50,748.35
Pablo,1964-04-14,Industries Power Net Agency,2016-07-10 13:48:03.176277,Thriller record,38,15.67
Dick,1979-03-21,Technology Contract Co,2016-07-25 13:48:03.176297,Harry Potter book,41,18.49
Angelica,1985-12-27,Net Hardware Co,2016-07-15 13:48:03.176317,PlayStation,38,294.34
Jeromy,1971-09-02,Data International,2016-07-12 13:48:03.176337,Lipitor,31,10.83
Howard,1961-01-31,Federated Agency,2016-07-03 13:48:03.176356,banana,41,10.0
Damaris,1984-06-01,North Innovation Vision Inc,2016-07-16 13:48:03.176376,Lipitor,35,11.56
Marquita,1981-11-09,Direct Limited,2016-07-16 13:48:03.176395,Harry Potter book,41,30.64
Bridgette,1976-10-20,Solutions Industries,2016-07-21 13:48:03.176415,Rubik’s Cube,44,17.77
Wilmer,1983-01-27,Federated Analysis Interactive LLC,2016-07-16 13:48:03.176434,banana,37,10.0
Ed,1981-07-18,Pacific Electronics Direct Agency,2016-07-15 13:48:03.176455,Lipitor,10,11.27
Marcia,1952-10-17,Graphics Systems Corporation,2016-06-30 13:48:03.176506,Harry Potter book,40,25.29
Annmarie,1982-06-04,Atlantic Corporation,2016-07-14 13:48:03.176527,iPad,7,770.2
Odis,1985-07-05,Technology International,2016-07-05 13:48:03.176548,iPhone,29,409.54
Roderick,1973-06-14,Network Industries,2016-07-12 13:48:03.176569,Harry Potter book,21,33.16
Marty,1978-01-20,Frontier People General Incorporated,2016-07-17 13:48:03.176588,iPhone,3,833.01
Abdul,1979-01-29,Architecture Incorporated,2016-07-19 13:48:03.176608,iPad,12,1006.44
Cory,1987-03-24,Virtual Signal Innovation Inc,2016-07-04 13:48:03.176628,Corolla,7,20098.17
Jeromy,1971-09-02,Data International,2016-07-07 13:48:03.176648,Lipitor,46,10.57
Jannette,1973-09-10,Architecture Technology Solutions Corporation,2016-07-17 13:48:03.176667,Harry Potter book,30,21.06
Amber,1981-02-07,Provider Limited,2016-07-11 13:48:03.176686,Thriller record,26,17.66
Scarlett,1976-09-27,People Galaxy Incorporated,2016-07-18 13:48:03.176706,Thriller record,31,14.96
Raymond,1981-07-07,Medicine Graphics Industries,2016-07-21 13:48:03.176726,iPhone,20,841.44
Leota,1970-07-29,Signal Max Agency,2016-07-28 13:48:03.176746,banana,34,10.0
Jerald,1978-07-07,Star Adventure Group,2016-06-30 13:48:03.176766,Harry Potter book,8,24.57
Wendell,1979-08-26,Vision Application Industries Organization,2016-07-27 13:48:03.176785,iPad,42,693.32
Lacy,1978-07-01,Hill Group,2016-07-21 13:48:03.176805,iPhone,12,854.32
Doris,1978-04-05,North Organization,2016-07-14 13:48:03.176824,Star Wars,35,11.54
Miguel,1966-07-30,Software Power International,2016-07-15 13:48:03.176843,Rubik’s Cube,18,17.31
Faustino,1980-02-04,Analysis Limited,2016-07-07 13:48:03.176863,PlayStation,46,265.4
Miguel,1966-07-30,Software Power International,2016-06-30 13:48:03.176883,Thriller record,44,17.08
Tuan,1980-05-25,Universal Adventure Max International,2016-07-03 13:48:03.176903,iPhone,9,757.6
Saundra,1990-04-20,Internet Inc,2016-07-11 13:48:03.176925,Lipitor,28,11.77
Carmine,1972-05-25,Graphics Design LLC,2016-07-16 13:48:03.176945,banana,21,10.0
Ellsworth,1979-03-18,Application Systems Group,2016-07-25 13:48:03.176964,Rubik’s Cube,4,16.95
Alecia,1984-02-11,Internet Hill Studio Incorporated,2016-07-28 13:48:03.176984,iPad,1,644.11
Kelli,1982-05-10,Building Construction Group,2016-06-30 13:48:03.177005,banana,26,10.0
Kate,1985-06-29,Interactive Industries,2016-07-09 13:48:03.177025,Rubik’s Cube,47,18.84
Beau,1981-10-16,Power Resource Systems Industries,2016-07-10 13:48:03.177045,Corolla,13,21333.25
Esther,1982-05-23,Universal Electronic International,2016-07-28 13:48:03.177064,banana,19,10.0
Garth,1983-12-02,Design Agency,2016-07-14 13:48:03.177084,Harry Potter book,48,28.19
Tommie,1983-08-29,Power Application Co,2016-07-19 13:48:03.177104,Corolla,35,21385.47
Antony,1973-05-04,Solutions Innovation Telecom Organization,2016-07-01 13:48:03.177125,Lipitor,36,11.75
Scott,1969-06-12,Frontier Inc,2016-07-16 13:48:03.177144,iPad,9,361.78
Otis,1973-02-24,Star Virtual Incorporated,2016-07-23 13:48:03.177164,banana,48,10.0
Colby,1982-01-31,General Group,2016-07-24 13:48:03.177183,Thriller record,23,8.28
Robbin,1979-12-01,Interactive Net LLC,2016-07-18 13:48:03.177204,PlayStation,13,200.8
Mayra,1985-03-06,Building Power Advanced Incorporated,2016-07-20 13:48:03.177225,Rubik’s Cube,34,16.7
Isreal,1979-06-24,Pacific International,2016-07-10 13:48:03.177246,Corolla,41,24879.32
Damaris,1984-06-01,North Innovation Vision Inc,2016-07-18 13:48:03.177266,iPhone,13,592.99
Amber,1981-02-07,Provider Limited,2016-07-19 13:48:03.177285,Corolla,38,23149.78
Ron,1978-12-13,Vision Inc,2016-07-12 13:48:03.177305,iPad,18,444.65
Jack,1976-01-03,Net Industries,2016-07-04 13:48:03.177325,Rubik’s Cube,3,15.47
Olive,1980-09-13,Data Building Corporation,2016-07-05 13:48:03.177345,Corolla,41,21952.38
Maximo,1970-11-19,Vision Direct Electronics Group,2016-07-19 13:48:03.177364,Star Wars,4,10.54
Giuseppe,1982-01-11,Hardware Speed Corporation,2016-07-08 13:48:03.177384,Lipitor,18,11.49
Lemuel,1985-09-01,Analysis Graphics Provider Incorporated,2016-07-07 13:48:03.177403,Rubik’s Cube,44,15.73
Cori,1986-11-05,Signal Industries,2016-07-12 13:48:03.177423,iPhone,30,649.14
Arnoldo,1992-05-25,Star General Architecture LLC,2016-07-15 13:48:03.177442,Rubik’s Cube,16,17.01
Odis,1985-07-05,Technology International,2016-07-16 13:48:03.177462,PlayStation,31,298.22
Madge,1972-02-04,Frontier Alpha Future Co,2016-07-05 13:48:03.177481,Harry Potter book,29,31.92
Dong,1970-09-06,Solutions Contract Software Corporation,2016-07-01 13:48:03.177501,PlayStation,45,214.58
Elyse,1982-12-24,General Corporation,2016-07-18 13:48:03.177521,Rubik’s Cube,27,18.52
Marguerite,1979-08-23,Galaxy Research Corporation,2016-07-19 13:48:03.177540,iPad,13,342.89
Odis,1985-07-05,Technology International,2016-07-05 13:48:03.177559,Harry Potter book,43,9.15
Arnoldo,1992-05-25,Star General Architecture LLC,2016-07-23 13:48:03.177579,iPhone,19,878.79
Dena,1982-01-16,Source Agency,2016-07-11 13:48:03.177599,Rubik’s Cube,3,15.09
Tristan,1968-03-02,Galaxy Architecture Systems Corporation,2016-07-21 13:48:03.177619,iPad,29,980.17
Darron,1971-10-19,Interactive International,2016-07-01 13:48:03.177639,Corolla,50,22776.03
Kasey,1967-10-23,Solutions Star Max Incorporated,2016-07-14 13:48:03.177658,Star Wars,6,11.71
Orlando,1976-06-10,Source LLC,2016-07-16 13:48:03.177678,Harry Potter book,39,11.01
Mitzi,1978-06-28,Design Solutions Co,2016-07-13 13:48:03.177698,iPad,46,333.48
Rudolph,1959-10-15,Network Software West Inc,2016-07-21 13:48:03.177719,Thriller record,28,12.2
Benito,1974-04-11,Star Organization,2016-07-18 13:48:03.177752,Star Wars,8,10.06
Marion,1962-12-04,Virtual Limited,2016-07-04 13:48:03.177770,Harry Potter book,6,28.09
Mayra,1985-03-06,Building Power Advanced Incorporated,2016-07-06 13:48:03.177791,iPad,35,782.68
Carmine,1972-05-25,Graphics Design LLC,2016-07-11 13:48:03.177810,Lipitor,22,10.38
Gayle,1980-07-15,Internet Power International,2016-07-07 13:48:03.177829,iPad,40,875.16
Lemuel,1985-09-01,Analysis Graphics Provider Incorporated,2016-07-13 13:48:03.177848,banana,19,10.0
Maggie,1959-07-21,Hill People Industries Co,2016-07-10 13:48:03.177866,Lipitor,27,10.07
Ethan,1952-12-08,Application Industries,2016-07-21 13:48:03.177885,Harry Potter book,39,24.4
Rudolph,1959-10-15,Network Software West Inc,2016-07-19 13:48:03.177903,Rubik’s Cube,9,15.11
Annmarie,1982-06-04,Atlantic Corporation,2016-07-13 13:48:03.177924,Thriller record,19,9.16
Chang,1984-02-05,Venture Alpha Corporation,2016-07-13 13:48:03.177943,Harry Potter book,24,28.21
Ervin,1977-10-14,Provider Agency,2016-07-09 13:48:03.177962,iPhone,39,663.83
